GPU Mem: [18747 13665]
Greedy select GPU, select GPU 1 with mem: 13665
[*] Run ID 0: seed=0, split_index=0
    Starting now: 2026-04-01 13:41:39.597316
[*] Loaded dataset 'peptides-functional' from 'OGB':
  Data(edge_index=[2, 4773974], edge_attr=[4773974, 3], x=[2344859, 9], y=[15535, 10])
  num graphs: 15535
  avg num_nodes/graph: 150
  num node features: 9
  num edge features: 3
  num classes: 10
Precomputing Positional Encoding statistics: ['LapPE'] for all graphs...
  ...estimated to be undirected: True
Done! Took 00:00:25.73
HierarchicalGPSModel(
  (encoder): FeatureEncoder(
    (node_encoder): Concat2NodeEncoder(
      (encoder1): AtomEncoder(
        (atom_embedding_list): ModuleList(
          (0): Embedding(119, 80)
          (1): Embedding(5, 80)
          (2-3): 2 x Embedding(12, 80)
          (4): Embedding(10, 80)
          (5-6): 2 x Embedding(6, 80)
          (7-8): 2 x Embedding(2, 80)
        )
      )
      (encoder2): LapPENodeEncoder(
        (linear_A): Linear(in_features=2, out_features=32, bias=True)
        (pe_encoder): Sequential(
          (0): ReLU()
          (1): Linear(in_features=32, out_features=16, bias=True)
          (2): ReLU()
        )
      )
    )
    (edge_encoder): BondEncoder(
      (bond_embedding_list): ModuleList(
        (0): Embedding(5, 96)
        (1): Embedding(6, 96)
        (2): Embedding(2, 96)
      )
    )
  )
  (fine_layers): ModuleList(
    (0-2): 3 x GPSLayer(
      summary: dim_h=96, local_gnn_type=CustomGatedGCN, global_model_type=Mamba_Hybrid_Degree_Noise, heads=4
      (local_model): GatedGCNLayer()
      (self_attn): Mamba(
        (in_proj): Linear(in_features=96, out_features=192, bias=False)
        (conv1d): Conv1d(96, 96, kernel_size=(4,), stride=(1,), padding=(3,), groups=96)
        (act): SiLU()
        (x_proj): Linear(in_features=96, out_features=38, bias=False)
        (dt_proj): Linear(in_features=6, out_features=96, bias=True)
        (out_proj): Linear(in_features=96, out_features=96, bias=False)
      )
      (norm1_local): BatchNorm1d(96, eps=1e-05, momentum=0.1, affine=True, track_running_stats=True)
      (norm1_attn): BatchNorm1d(96, eps=1e-05, momentum=0.1, affine=True, track_running_stats=True)
      (dropout_local): Dropout(p=0.0, inplace=False)
      (dropout_attn): Dropout(p=0.0, inplace=False)
      (ff_linear1): Linear(in_features=96, out_features=192, bias=True)
      (ff_linear2): Linear(in_features=192, out_features=96, bias=True)
      (norm2): BatchNorm1d(96, eps=1e-05, momentum=0.1, affine=True, track_running_stats=True)
      (ff_dropout1): Dropout(p=0.0, inplace=False)
      (ff_dropout2): Dropout(p=0.0, inplace=False)
    )
  )
  (pool_layer): MinCutPoolLayer(
    (assignment_net): Sequential(
      (0): Linear(in_features=96, out_features=96, bias=True)
      (1): ReLU()
      (2): Linear(in_features=96, out_features=32, bias=True)
    )
    (edge_proj): Linear(in_features=1, out_features=96, bias=True)
  )
  (coarse_layers): ModuleList(
    (0-2): 3 x GPSLayer(
      summary: dim_h=96, local_gnn_type=CustomGatedGCN, global_model_type=Mamba_Hybrid_Degree_Noise, heads=4
      (local_model): GatedGCNLayer()
      (self_attn): Mamba(
        (in_proj): Linear(in_features=96, out_features=192, bias=False)
        (conv1d): Conv1d(96, 96, kernel_size=(4,), stride=(1,), padding=(3,), groups=96)
        (act): SiLU()
        (x_proj): Linear(in_features=96, out_features=38, bias=False)
        (dt_proj): Linear(in_features=6, out_features=96, bias=True)
        (out_proj): Linear(in_features=96, out_features=96, bias=False)
      )
      (norm1_local): BatchNorm1d(96, eps=1e-05, momentum=0.1, affine=True, track_running_stats=True)
      (norm1_attn): BatchNorm1d(96, eps=1e-05, momentum=0.1, affine=True, track_running_stats=True)
      (dropout_local): Dropout(p=0.0, inplace=False)
      (dropout_attn): Dropout(p=0.0, inplace=False)
      (ff_linear1): Linear(in_features=96, out_features=192, bias=True)
      (ff_linear2): Linear(in_features=192, out_features=96, bias=True)
      (norm2): BatchNorm1d(96, eps=1e-05, momentum=0.1, affine=True, track_running_stats=True)
      (ff_dropout1): Dropout(p=0.0, inplace=False)
      (ff_dropout2): Dropout(p=0.0, inplace=False)
    )
  )
  (post_mp): GNNGraphHead(
    (layer_post_mp): MLP(
      (model): Sequential(
        (0): Linear(
          (model): Linear(96, 10, bias=True)
        )
      )
    )
  )
)
benchmark: False
bn:
  eps: 1e-05
  mom: 0.1
cfg_dest: config.yaml
custom_metrics: []
dataset:
  cache_load: False
  cache_save: False
  dir: ./datasets
  edge_dim: 128
  edge_encoder: True
  edge_encoder_bn: False
  edge_encoder_name: Bond
  edge_encoder_num_types: 0
  edge_message_ratio: 0.8
  edge_negative_sampling_ratio: 1.0
  edge_train_mode: all
  encoder: True
  encoder_bn: True
  encoder_dim: 128
  encoder_name: db
  format: OGB
  label_column: none
  label_table: none
  location: local
  name: peptides-functional
  node_encoder: True
  node_encoder_bn: False
  node_encoder_name: Atom+LapPE
  node_encoder_num_types: 0
  remove_feature: False
  resample_disjoint: False
  resample_negative: False
  shuffle_split: True
  slic_compactness: 10
  split: [0.8, 0.1, 0.1]
  split_dir: ./splits
  split_index: 0
  split_mode: standard
  task: graph
  task_type: classification_multilabel
  to_undirected: False
  transductive: False
  transform: none
  tu_simple: True
device: cuda:1
example_arg: example
example_group:
  example_arg: example
gnn:
  act: relu
  agg: add
  att_final_linear: False
  att_final_linear_bn: False
  att_heads: 1
  batchnorm: True
  clear_feature: True
  dim_edge: 96
  dim_inner: 96
  dropout: 0.0
  head: graph
  keep_edge: 0.5
  l2norm: True
  layer_type: generalconv
  layers_mp: 2
  layers_post_mp: 1
  layers_pre_mp: 0
  msg_direction: single
  normalize_adj: False
  residual: False
  self_msg: concat
  skip_every: 1
  stage_type: stack
gpu_mem: False
gt:
  activation: relu
  attn_dropout: 0.5
  batch_norm: True
  bigbird:
    add_cross_attention: False
    attention_type: block_sparse
    block_size: 3
    chunk_size_feed_forward: 0
    hidden_act: relu
    is_decoder: False
    layer_norm_eps: 1e-06
    max_position_embeddings: 128
    num_random_blocks: 3
    use_bias: False
  dim_edge: None
  dim_hidden: 96
  dropout: 0.0
  full_graph: True
  gamma: 1e-05
  hier_num_clusters: 32
  hier_pool_after_layer: 3
  hier_pool_loss_weight: 0.1
  layer_norm: False
  layer_type: CustomGatedGCN+Mamba_Hybrid_Degree_Noise
  layers: 6
  n_heads: 4
  pna_degrees: []
  residual: True
  secondary_edges: full_graph
mem:
  inplace: False
metric_agg: argmax
metric_best: ap
model:
  edge_decoding: dot
  graph_pooling: mean
  loss_fun: cross_entropy
  match_upper: True
  size_average: mean
  thresh: 0.5
  type: HierarchicalGPSModel
name_tag: 
num_threads: 6
num_workers: 0
optim:
  base_lr: 0.001
  batch_accumulation: 1
  clip_grad_norm: True
  lr_decay: 0.1
  max_epoch: 200
  min_lr: 0.0
  momentum: 0.9
  num_warmup_epochs: 10
  optimizer: adamW
  reduce_factor: 0.1
  schedule_patience: 10
  scheduler: cosine_with_warmup
  steps: [30, 60, 90]
  weight_decay: 0.01
out_dir: results/peptides-func-Hierarchical
posenc_ERE:
  accuracy: 0.1
  dim_pe: 16
  enable: False
  layers: 3
  model: none
  n_heads: 4
  pass_as_var: False
  post_layers: 0
  raw_norm_type: none
posenc_ERN:
  accuracy: 0.1
  dim_pe: 16
  enable: False
  er_dim: none
  layers: 3
  model: none
  n_heads: 4
  pass_as_var: False
  post_layers: 0
  raw_norm_type: none
posenc_ElstaticSE:
  dim_pe: 16
  enable: False
  kernel:
    times: []
    times_func: range(10)
  layers: 3
  model: none
  n_heads: 4
  pass_as_var: False
  post_layers: 0
  raw_norm_type: none
posenc_EquivStableLapPE:
  eigen:
    eigvec_norm: L2
    laplacian_norm: sym
    max_freqs: 10
  enable: False
  raw_norm_type: none
posenc_HKdiagSE:
  dim_pe: 16
  enable: False
  kernel:
    times: []
    times_func: 
  layers: 3
  model: none
  n_heads: 4
  pass_as_var: False
  post_layers: 0
  raw_norm_type: none
posenc_LapPE:
  dim_pe: 16
  eigen:
    eigvec_norm: L2
    laplacian_norm: none
    max_freqs: 10
  enable: True
  layers: 2
  model: DeepSet
  n_heads: 4
  pass_as_var: False
  post_layers: 0
  raw_norm_type: none
posenc_RWSE:
  dim_pe: 16
  enable: False
  kernel:
    times: []
    times_func: 
  layers: 3
  model: none
  n_heads: 4
  pass_as_var: False
  post_layers: 0
  raw_norm_type: none
posenc_SignNet:
  dim_pe: 16
  eigen:
    eigvec_norm: L2
    laplacian_norm: sym
    max_freqs: 10
  enable: False
  layers: 3
  model: none
  n_heads: 4
  pass_as_var: False
  phi_hidden_dim: 64
  phi_out_dim: 4
  post_layers: 0
  raw_norm_type: none
prep:
  add_edge_index: True
  add_reverse_edges: True
  add_self_loops: False
  dist_cutoff: 510
  dist_enable: False
  exp: False
  exp_algorithm: Random-d
  exp_count: 1
  exp_deg: 5
  exp_max_num_iters: 100
  layer_edge_indices_dir: None
  num_virt_node: 0
  train_percent: 0.6
  use_exp_edges: True
pretrained:
  dir: 
  freeze_main: False
  reset_prediction_head: True
print: both
round: 5
run_dir: results/peptides-func-Hierarchical/0
run_id: 0
run_multiple_splits: []
seed: 0
share:
  dim_in: 9
  dim_out: 10
  num_splits: 3
tensorboard_agg: True
tensorboard_each_run: False
train:
  auto_resume: False
  batch_size: 128
  ckpt_best: False
  ckpt_clean: True
  ckpt_period: 100
  enable_ckpt: True
  epoch_resume: -1
  eval_period: 1
  iter_per_epoch: 32
  mode: custom
  neighbor_sizes: [20, 15, 10, 5]
  node_per_graph: 32
  radius: extend
  sample_node: False
  sampler: full_batch
  skip_train_eval: False
  walk_length: 4
val:
  node_per_graph: 32
  radius: extend
  sample_node: False
  sampler: full_batch
view_emb: False
wandb:
  entity: project
  name: 
  project: LRGB-Benchmark-RandomSeed
  use: False
Num parameters: 741882
Start from epoch 0
train: {'epoch': 0, 'time_epoch': 10.84482, 'eta': 2158.11918, 'eta_hours': 0.59948, 'loss': 0.74185848, 'lr': 0.0, 'params': 741882, 'time_iter': 0.12759, 'accuracy': 0.51608, 'ap': 0.18208, 'auc': 0.55647}
...computing epoch stats took: 0.03s
val: {'epoch': 0, 'time_epoch': 1.79086, 'loss': 2572.29465745, 'lr': 0, 'params': 741882, 'time_iter': 0.09426, 'accuracy': 0.50674, 'ap': 0.18016, 'auc': 0.54239}
...computing epoch stats took: 0.02s
test: {'epoch': 0, 'time_epoch': 1.89826, 'loss': 0.7085297, 'lr': 0, 'params': 741882, 'time_iter': 0.09991, 'accuracy': 0.50498, 'ap': 0.1754, 'auc': 0.53673}
...computing epoch stats took: 0.02s
> Epoch 0: took 14.6s (avg 14.6s) | Best so far: epoch 0	train_loss: 0.7419 train_ap: 0.1821	val_loss: 2572.2947 val_ap: 0.1802	test_loss: 0.7085 test_ap: 0.1754
train: {'epoch': 1, 'time_epoch': 7.84338, 'eta': 1850.13137, 'eta_hours': 0.51393, 'loss': 0.6855559, 'lr': 0.0001, 'params': 741882, 'time_iter': 0.09228, 'accuracy': 0.61718, 'ap': 0.31924, 'auc': 0.70838}
...computing epoch stats took: 0.06s
val: {'epoch': 1, 'time_epoch': 1.62165, 'loss': 1.237944867301712e+19, 'lr': 0, 'params': 741882, 'time_iter': 0.08535, 'accuracy': 0.66976, 'ap': 0.36809, 'auc': 0.75905}
...computing epoch stats took: 0.11s
test: {'epoch': 1, 'time_epoch': 1.46308, 'loss': 0.6404862, 'lr': 0, 'params': 741882, 'time_iter': 0.077, 'accuracy': 0.6668, 'ap': 0.36704, 'auc': 0.76445}
...computing epoch stats took: 0.03s
> Epoch 1: took 11.1s (avg 12.9s) | Best so far: epoch 1	train_loss: 0.6856 train_ap: 0.3192	val_loss: 12379448673017120768.0000 val_ap: 0.3681	test_loss: 0.6405 test_ap: 0.3670
train: {'epoch': 2, 'time_epoch': 7.7262, 'eta': 1734.54517, 'eta_hours': 0.48182, 'loss': 0.63966246, 'lr': 0.0002, 'params': 741882, 'time_iter': 0.0909, 'accuracy': 0.71713, 'ap': 0.40498, 'auc': 0.78766}
...computing epoch stats took: 0.03s
val: {'epoch': 2, 'time_epoch': 1.67408, 'loss': 0.60635998, 'lr': 0, 'params': 741882, 'time_iter': 0.08811, 'accuracy': 0.74346, 'ap': 0.42568, 'auc': 0.79415}
...computing epoch stats took: 0.02s
test: {'epoch': 2, 'time_epoch': 1.65424, 'loss': 0.60817832, 'lr': 0, 'params': 741882, 'time_iter': 0.08707, 'accuracy': 0.74174, 'ap': 0.41728, 'auc': 0.78614}
...computing epoch stats took: 0.02s
> Epoch 2: took 11.1s (avg 12.3s) | Best so far: epoch 2	train_loss: 0.6397 train_ap: 0.4050	val_loss: 0.6064 val_ap: 0.4257	test_loss: 0.6082 test_ap: 0.4173
train: {'epoch': 3, 'time_epoch': 7.74979, 'eta': 1674.04521, 'eta_hours': 0.46501, 'loss': 0.59171807, 'lr': 0.0003, 'params': 741882, 'time_iter': 0.09117, 'accuracy': 0.79673, 'ap': 0.43931, 'auc': 0.81217}
val: {'epoch': 3, 'time_epoch': 1.65649, 'loss': 0.52672124, 'lr': 0, 'params': 741882, 'time_iter': 0.08718, 'accuracy': 0.82994, 'ap': 0.46033, 'auc': 0.81639}
test: {'epoch': 3, 'time_epoch': 1.68615, 'loss': 0.53079103, 'lr': 0, 'params': 741882, 'time_iter': 0.08874, 'accuracy': 0.82866, 'ap': 0.44329, 'auc': 0.80762}
> Epoch 3: took 11.2s (avg 12.0s) | Best so far: epoch 3	train_loss: 0.5917 train_ap: 0.4393	val_loss: 0.5267 val_ap: 0.4603	test_loss: 0.5308 test_ap: 0.4433
train: {'epoch': 4, 'time_epoch': 7.71535, 'eta': 1633.30211, 'eta_hours': 0.4537, 'loss': 0.50097306, 'lr': 0.0004, 'params': 741882, 'time_iter': 0.09077, 'accuracy': 0.86699, 'ap': 0.45018, 'auc': 0.80646}
val: {'epoch': 4, 'time_epoch': 1.64935, 'loss': 0.40383389, 'lr': 0, 'params': 741882, 'time_iter': 0.08681, 'accuracy': 0.88722, 'ap': 0.48012, 'auc': 0.8229}
test: {'epoch': 4, 'time_epoch': 1.62656, 'loss': 0.40675516, 'lr': 0, 'params': 741882, 'time_iter': 0.08561, 'accuracy': 0.8876, 'ap': 0.46429, 'auc': 0.81464}
> Epoch 4: took 11.1s (avg 11.8s) | Best so far: epoch 4	train_loss: 0.5010 train_ap: 0.4502	val_loss: 0.4038 val_ap: 0.4801	test_loss: 0.4068 test_ap: 0.4643
train: {'epoch': 5, 'time_epoch': 7.6972, 'eta': 1602.98138, 'eta_hours': 0.44527, 'loss': 0.37307133, 'lr': 0.0005, 'params': 741882, 'time_iter': 0.09056, 'accuracy': 0.89674, 'ap': 0.4702, 'auc': 0.81488}
val: {'epoch': 5, 'time_epoch': 1.61996, 'loss': 0.31681259, 'lr': 0, 'params': 741882, 'time_iter': 0.08526, 'accuracy': 0.89116, 'ap': 0.47037, 'auc': 0.82364}
test: {'epoch': 5, 'time_epoch': 1.6255, 'loss': 0.31560693, 'lr': 0, 'params': 741882, 'time_iter': 0.08555, 'accuracy': 0.88945, 'ap': 0.46029, 'auc': 0.81236}
> Epoch 5: took 11.1s (avg 11.7s) | Best so far: epoch 4	train_loss: 0.5010 train_ap: 0.4502	val_loss: 0.4038 val_ap: 0.4801	test_loss: 0.4068 test_ap: 0.4643
train: {'epoch': 6, 'time_epoch': 7.74718, 'eta': 1580.50254, 'eta_hours': 0.43903, 'loss': 0.29843043, 'lr': 0.0006, 'params': 741882, 'time_iter': 0.09114, 'accuracy': 0.90309, 'ap': 0.50031, 'auc': 0.83982}
val: {'epoch': 6, 'time_epoch': 1.54827, 'loss': 0.2604938, 'lr': 0, 'params': 741882, 'time_iter': 0.08149, 'accuracy': 0.90064, 'ap': 0.50823, 'auc': 0.85288}
test: {'epoch': 6, 'time_epoch': 1.66549, 'loss': 0.26690716, 'lr': 0, 'params': 741882, 'time_iter': 0.08766, 'accuracy': 0.89695, 'ap': 0.47675, 'auc': 0.83187}
> Epoch 6: took 11.1s (avg 11.6s) | Best so far: epoch 6	train_loss: 0.2984 train_ap: 0.5003	val_loss: 0.2605 val_ap: 0.5082	test_loss: 0.2669 test_ap: 0.4768
train: {'epoch': 7, 'time_epoch': 7.75213, 'eta': 1561.82529, 'eta_hours': 0.43384, 'loss': 0.27451477, 'lr': 0.0007, 'params': 741882, 'time_iter': 0.0912, 'accuracy': 0.90438, 'ap': 0.51848, 'auc': 0.85447}
val: {'epoch': 7, 'time_epoch': 1.66318, 'loss': 0.24697905, 'lr': 0, 'params': 741882, 'time_iter': 0.08754, 'accuracy': 0.90279, 'ap': 0.51848, 'auc': 0.85824}
test: {'epoch': 7, 'time_epoch': 1.65454, 'loss': 0.25332858, 'lr': 0, 'params': 741882, 'time_iter': 0.08708, 'accuracy': 0.89863, 'ap': 0.49129, 'auc': 0.84486}
> Epoch 7: took 11.2s (avg 11.6s) | Best so far: epoch 7	train_loss: 0.2745 train_ap: 0.5185	val_loss: 0.2470 val_ap: 0.5185	test_loss: 0.2533 test_ap: 0.4913
train: {'epoch': 8, 'time_epoch': 8.02545, 'eta': 1551.37626, 'eta_hours': 0.43094, 'loss': 0.26264727, 'lr': 0.0008, 'params': 741882, 'time_iter': 0.09442, 'accuracy': 0.90749, 'ap': 0.53526, 'auc': 0.86481}
val: {'epoch': 8, 'time_epoch': 1.41927, 'loss': 0.24197453, 'lr': 0, 'params': 741882, 'time_iter': 0.0747, 'accuracy': 0.90193, 'ap': 0.53653, 'auc': 0.86271}
test: {'epoch': 8, 'time_epoch': 1.44362, 'loss': 0.25221115, 'lr': 0, 'params': 741882, 'time_iter': 0.07598, 'accuracy': 0.89893, 'ap': 0.49786, 'auc': 0.84572}
> Epoch 8: took 11.1s (avg 11.5s) | Best so far: epoch 8	train_loss: 0.2626 train_ap: 0.5353	val_loss: 0.2420 val_ap: 0.5365	test_loss: 0.2522 test_ap: 0.4979
train: {'epoch': 9, 'time_epoch': 7.74705, 'eta': 1536.12242, 'eta_hours': 0.4267, 'loss': 0.25311607, 'lr': 0.0009, 'params': 741882, 'time_iter': 0.09114, 'accuracy': 0.91014, 'ap': 0.5579, 'auc': 0.87718}
val: {'epoch': 9, 'time_epoch': 1.76655, 'loss': 0.24684036, 'lr': 0, 'params': 741882, 'time_iter': 0.09298, 'accuracy': 0.90352, 'ap': 0.53376, 'auc': 0.85949}
test: {'epoch': 9, 'time_epoch': 1.42246, 'loss': 0.25904001, 'lr': 0, 'params': 741882, 'time_iter': 0.07487, 'accuracy': 0.89979, 'ap': 0.49684, 'auc': 0.85297}
> Epoch 9: took 11.2s (avg 11.5s) | Best so far: epoch 8	train_loss: 0.2626 train_ap: 0.5353	val_loss: 0.2420 val_ap: 0.5365	test_loss: 0.2522 test_ap: 0.4979
train: {'epoch': 10, 'time_epoch': 7.97788, 'eta': 1526.19961, 'eta_hours': 0.42394, 'loss': 0.24913033, 'lr': 0.001, 'params': 741882, 'time_iter': 0.09386, 'accuracy': 0.91194, 'ap': 0.57062, 'auc': 0.88042}
val: {'epoch': 10, 'time_epoch': 1.64316, 'loss': 0.23547052, 'lr': 0, 'params': 741882, 'time_iter': 0.08648, 'accuracy': 0.9015, 'ap': 0.53815, 'auc': 0.87202}
test: {'epoch': 10, 'time_epoch': 1.45611, 'loss': 0.24164503, 'lr': 0, 'params': 741882, 'time_iter': 0.07664, 'accuracy': 0.90069, 'ap': 0.50908, 'auc': 0.86664}
> Epoch 10: took 11.4s (avg 11.5s) | Best so far: epoch 10	train_loss: 0.2491 train_ap: 0.5706	val_loss: 0.2355 val_ap: 0.5382	test_loss: 0.2416 test_ap: 0.5091
train: {'epoch': 11, 'time_epoch': 7.72147, 'eta': 1512.58376, 'eta_hours': 0.42016, 'loss': 0.24196146, 'lr': 0.00099993, 'params': 741882, 'time_iter': 0.09084, 'accuracy': 0.91401, 'ap': 0.58772, 'auc': 0.89085}
val: {'epoch': 11, 'time_epoch': 1.64247, 'loss': 0.22522206, 'lr': 0, 'params': 741882, 'time_iter': 0.08645, 'accuracy': 0.90789, 'ap': 0.56194, 'auc': 0.87404}
test: {'epoch': 11, 'time_epoch': 1.54714, 'loss': 0.23594006, 'lr': 0, 'params': 741882, 'time_iter': 0.08143, 'accuracy': 0.90373, 'ap': 0.52092, 'auc': 0.86607}
> Epoch 11: took 11.1s (avg 11.4s) | Best so far: epoch 11	train_loss: 0.2420 train_ap: 0.5877	val_loss: 0.2252 val_ap: 0.5619	test_loss: 0.2359 test_ap: 0.5209
train: {'epoch': 12, 'time_epoch': 7.72982, 'eta': 1499.99489, 'eta_hours': 0.41667, 'loss': 0.23450174, 'lr': 0.00099973, 'params': 741882, 'time_iter': 0.09094, 'accuracy': 0.91694, 'ap': 0.60655, 'auc': 0.89901}
val: {'epoch': 12, 'time_epoch': 1.65292, 'loss': 0.23802668, 'lr': 0, 'params': 741882, 'time_iter': 0.087, 'accuracy': 0.90502, 'ap': 0.55734, 'auc': 0.87609}
test: {'epoch': 12, 'time_epoch': 1.65801, 'loss': 0.25259301, 'lr': 0, 'params': 741882, 'time_iter': 0.08726, 'accuracy': 0.89541, 'ap': 0.52106, 'auc': 0.8673}
> Epoch 12: took 11.1s (avg 11.4s) | Best so far: epoch 11	train_loss: 0.2420 train_ap: 0.5877	val_loss: 0.2252 val_ap: 0.5619	test_loss: 0.2359 test_ap: 0.5209
train: {'epoch': 13, 'time_epoch': 7.76491, 'eta': 1488.5664, 'eta_hours': 0.41349, 'loss': 0.2306142, 'lr': 0.00099938, 'params': 741882, 'time_iter': 0.09135, 'accuracy': 0.91876, 'ap': 0.61981, 'auc': 0.90333}
val: {'epoch': 13, 'time_epoch': 1.65455, 'loss': 0.23385744, 'lr': 0, 'params': 741882, 'time_iter': 0.08708, 'accuracy': 0.90622, 'ap': 0.55917, 'auc': 0.86554}
test: {'epoch': 13, 'time_epoch': 1.67382, 'loss': 0.24194469, 'lr': 0, 'params': 741882, 'time_iter': 0.0881, 'accuracy': 0.90412, 'ap': 0.51803, 'auc': 0.85511}
> Epoch 13: took 11.2s (avg 11.4s) | Best so far: epoch 11	train_loss: 0.2420 train_ap: 0.5877	val_loss: 0.2252 val_ap: 0.5619	test_loss: 0.2359 test_ap: 0.5209
train: {'epoch': 14, 'time_epoch': 7.74139, 'eta': 1477.33623, 'eta_hours': 0.41037, 'loss': 0.22476282, 'lr': 0.00099891, 'params': 741882, 'time_iter': 0.09108, 'accuracy': 0.92116, 'ap': 0.63361, 'auc': 0.90759}
val: {'epoch': 14, 'time_epoch': 1.66846, 'loss': 0.22622377, 'lr': 0, 'params': 741882, 'time_iter': 0.08781, 'accuracy': 0.90995, 'ap': 0.58142, 'auc': 0.88151}
test: {'epoch': 14, 'time_epoch': 1.64931, 'loss': 0.23394211, 'lr': 0, 'params': 741882, 'time_iter': 0.08681, 'accuracy': 0.90656, 'ap': 0.54444, 'auc': 0.87395}
> Epoch 14: took 11.1s (avg 11.4s) | Best so far: epoch 14	train_loss: 0.2248 train_ap: 0.6336	val_loss: 0.2262 val_ap: 0.5814	test_loss: 0.2339 test_ap: 0.5444
train: {'epoch': 15, 'time_epoch': 7.70042, 'eta': 1466.07106, 'eta_hours': 0.40724, 'loss': 0.22241631, 'lr': 0.00099829, 'params': 741882, 'time_iter': 0.09059, 'accuracy': 0.921, 'ap': 0.64087, 'auc': 0.91186}
val: {'epoch': 15, 'time_epoch': 1.66061, 'loss': 0.24117686, 'lr': 0, 'params': 741882, 'time_iter': 0.0874, 'accuracy': 0.90588, 'ap': 0.5698, 'auc': 0.86643}
test: {'epoch': 15, 'time_epoch': 1.65516, 'loss': 0.24600816, 'lr': 0, 'params': 741882, 'time_iter': 0.08711, 'accuracy': 0.9036, 'ap': 0.53611, 'auc': 0.86052}
> Epoch 15: took 11.1s (avg 11.4s) | Best so far: epoch 14	train_loss: 0.2248 train_ap: 0.6336	val_loss: 0.2262 val_ap: 0.5814	test_loss: 0.2339 test_ap: 0.5444
train: {'epoch': 16, 'time_epoch': 7.95247, 'eta': 1457.93847, 'eta_hours': 0.40498, 'loss': 0.2142353, 'lr': 0.00099754, 'params': 741882, 'time_iter': 0.09356, 'accuracy': 0.9252, 'ap': 0.66385, 'auc': 0.92044}
val: {'epoch': 16, 'time_epoch': 1.65324, 'loss': 0.22059041, 'lr': 0, 'params': 741882, 'time_iter': 0.08701, 'accuracy': 0.91064, 'ap': 0.59228, 'auc': 0.8874}
test: {'epoch': 16, 'time_epoch': 1.58701, 'loss': 0.22753631, 'lr': 0, 'params': 741882, 'time_iter': 0.08353, 'accuracy': 0.90931, 'ap': 0.55902, 'auc': 0.87989}
> Epoch 16: took 11.4s (avg 11.4s) | Best so far: epoch 16	train_loss: 0.2142 train_ap: 0.6639	val_loss: 0.2206 val_ap: 0.5923	test_loss: 0.2275 test_ap: 0.5590
train: {'epoch': 17, 'time_epoch': 7.9654, 'eta': 1449.95662, 'eta_hours': 0.40277, 'loss': 0.21099795, 'lr': 0.00099665, 'params': 741882, 'time_iter': 0.09371, 'accuracy': 0.92744, 'ap': 0.67068, 'auc': 0.92315}
val: {'epoch': 17, 'time_epoch': 1.66892, 'loss': 0.23574933, 'lr': 0, 'params': 741882, 'time_iter': 0.08784, 'accuracy': 0.90695, 'ap': 0.56478, 'auc': 0.87634}
test: {'epoch': 17, 'time_epoch': 1.67446, 'loss': 0.2435183, 'lr': 0, 'params': 741882, 'time_iter': 0.08813, 'accuracy': 0.90232, 'ap': 0.55384, 'auc': 0.86961}
> Epoch 17: took 11.4s (avg 11.4s) | Best so far: epoch 16	train_loss: 0.2142 train_ap: 0.6639	val_loss: 0.2206 val_ap: 0.5923	test_loss: 0.2275 test_ap: 0.5590
train: {'epoch': 18, 'time_epoch': 7.7966, 'eta': 1440.36853, 'eta_hours': 0.4001, 'loss': 0.20386722, 'lr': 0.00099563, 'params': 741882, 'time_iter': 0.09172, 'accuracy': 0.92926, 'ap': 0.69412, 'auc': 0.9312}
val: {'epoch': 18, 'time_epoch': 1.65673, 'loss': 0.23377201, 'lr': 0, 'params': 741882, 'time_iter': 0.0872, 'accuracy': 0.90935, 'ap': 0.57216, 'auc': 0.87951}
test: {'epoch': 18, 'time_epoch': 1.71393, 'loss': 0.23791359, 'lr': 0, 'params': 741882, 'time_iter': 0.09021, 'accuracy': 0.90639, 'ap': 0.56704, 'auc': 0.87}
> Epoch 18: took 11.2s (avg 11.4s) | Best so far: epoch 16	train_loss: 0.2142 train_ap: 0.6639	val_loss: 0.2206 val_ap: 0.5923	test_loss: 0.2275 test_ap: 0.5590
train: {'epoch': 19, 'time_epoch': 7.75612, 'eta': 1430.59524, 'eta_hours': 0.39739, 'loss': 0.20192617, 'lr': 0.00099447, 'params': 741882, 'time_iter': 0.09125, 'accuracy': 0.93041, 'ap': 0.69561, 'auc': 0.93183}
val: {'epoch': 19, 'time_epoch': 1.65473, 'loss': 0.22548687, 'lr': 0, 'params': 741882, 'time_iter': 0.08709, 'accuracy': 0.90982, 'ap': 0.59357, 'auc': 0.88345}
test: {'epoch': 19, 'time_epoch': 1.66626, 'loss': 0.23498408, 'lr': 0, 'params': 741882, 'time_iter': 0.0877, 'accuracy': 0.90142, 'ap': 0.56702, 'auc': 0.87716}
> Epoch 19: took 11.2s (avg 11.3s) | Best so far: epoch 19	train_loss: 0.2019 train_ap: 0.6956	val_loss: 0.2255 val_ap: 0.5936	test_loss: 0.2350 test_ap: 0.5670
train: {'epoch': 20, 'time_epoch': 7.87435, 'eta': 1422.02181, 'eta_hours': 0.39501, 'loss': 0.19692182, 'lr': 0.00099318, 'params': 741882, 'time_iter': 0.09264, 'accuracy': 0.93162, 'ap': 0.71202, 'auc': 0.93665}
val: {'epoch': 20, 'time_epoch': 1.68972, 'loss': 1.03548429, 'lr': 0, 'params': 741882, 'time_iter': 0.08893, 'accuracy': 0.91107, 'ap': 0.60415, 'auc': 0.88666}
test: {'epoch': 20, 'time_epoch': 1.34842, 'loss': 0.22676715, 'lr': 0, 'params': 741882, 'time_iter': 0.07097, 'accuracy': 0.90978, 'ap': 0.59634, 'auc': 0.88756}
> Epoch 20: took 11.2s (avg 11.3s) | Best so far: epoch 20	train_loss: 0.1969 train_ap: 0.7120	val_loss: 1.0355 val_ap: 0.6041	test_loss: 0.2268 test_ap: 0.5963
train: {'epoch': 21, 'time_epoch': 7.69224, 'eta': 1412.03851, 'eta_hours': 0.39223, 'loss': 0.19029923, 'lr': 0.00099175, 'params': 741882, 'time_iter': 0.0905, 'accuracy': 0.93393, 'ap': 0.72536, 'auc': 0.94324}
val: {'epoch': 21, 'time_epoch': 1.64568, 'loss': 0.20727504, 'lr': 0, 'params': 741882, 'time_iter': 0.08661, 'accuracy': 0.91922, 'ap': 0.64513, 'auc': 0.9015}
test: {'epoch': 21, 'time_epoch': 1.68119, 'loss': 0.22046716, 'lr': 0, 'params': 741882, 'time_iter': 0.08848, 'accuracy': 0.91373, 'ap': 0.61008, 'auc': 0.89145}
> Epoch 21: took 11.1s (avg 11.3s) | Best so far: epoch 21	train_loss: 0.1903 train_ap: 0.7254	val_loss: 0.2073 val_ap: 0.6451	test_loss: 0.2205 test_ap: 0.6101
train: {'epoch': 22, 'time_epoch': 7.72505, 'eta': 1402.50694, 'eta_hours': 0.38959, 'loss': 0.18519678, 'lr': 0.00099019, 'params': 741882, 'time_iter': 0.09088, 'accuracy': 0.93611, 'ap': 0.73938, 'auc': 0.94681}
val: {'epoch': 22, 'time_epoch': 1.6374, 'loss': 0.25666934, 'lr': 0, 'params': 741882, 'time_iter': 0.08618, 'accuracy': 0.90219, 'ap': 0.55541, 'auc': 0.87116}
test: {'epoch': 22, 'time_epoch': 1.69392, 'loss': 0.26337138, 'lr': 0, 'params': 741882, 'time_iter': 0.08915, 'accuracy': 0.89734, 'ap': 0.54594, 'auc': 0.86253}
> Epoch 22: took 11.1s (avg 11.3s) | Best so far: epoch 21	train_loss: 0.1903 train_ap: 0.7254	val_loss: 0.2073 val_ap: 0.6451	test_loss: 0.2205 test_ap: 0.6101
train: {'epoch': 23, 'time_epoch': 7.72752, 'eta': 1393.14404, 'eta_hours': 0.38698, 'loss': 0.18398814, 'lr': 0.00098849, 'params': 741882, 'time_iter': 0.09091, 'accuracy': 0.93723, 'ap': 0.74346, 'auc': 0.94733}
val: {'epoch': 23, 'time_epoch': 1.63676, 'loss': 0.24229112, 'lr': 0, 'params': 741882, 'time_iter': 0.08615, 'accuracy': 0.90716, 'ap': 0.58346, 'auc': 0.88487}
test: {'epoch': 23, 'time_epoch': 1.66861, 'loss': 0.2476468, 'lr': 0, 'params': 741882, 'time_iter': 0.08782, 'accuracy': 0.90378, 'ap': 0.57832, 'auc': 0.88362}
> Epoch 23: took 11.1s (avg 11.3s) | Best so far: epoch 21	train_loss: 0.1903 train_ap: 0.7254	val_loss: 0.2073 val_ap: 0.6451	test_loss: 0.2205 test_ap: 0.6101
train: {'epoch': 24, 'time_epoch': 7.83319, 'eta': 1384.65167, 'eta_hours': 0.38463, 'loss': 0.17570087, 'lr': 0.00098666, 'params': 741882, 'time_iter': 0.09216, 'accuracy': 0.94084, 'ap': 0.76052, 'auc': 0.95312}
val: {'epoch': 24, 'time_epoch': 1.57483, 'loss': 0.22395358, 'lr': 0, 'params': 741882, 'time_iter': 0.08289, 'accuracy': 0.91321, 'ap': 0.61195, 'auc': 0.8937}
test: {'epoch': 24, 'time_epoch': 1.5969, 'loss': 0.23460731, 'lr': 0, 'params': 741882, 'time_iter': 0.08405, 'accuracy': 0.90858, 'ap': 0.59395, 'auc': 0.88401}
> Epoch 24: took 11.3s (avg 11.3s) | Best so far: epoch 21	train_loss: 0.1903 train_ap: 0.7254	val_loss: 0.2073 val_ap: 0.6451	test_loss: 0.2205 test_ap: 0.6101
train: {'epoch': 25, 'time_epoch': 7.99483, 'eta': 1377.29175, 'eta_hours': 0.38258, 'loss': 0.17109732, 'lr': 0.0009847, 'params': 741882, 'time_iter': 0.09406, 'accuracy': 0.94279, 'ap': 0.77378, 'auc': 0.95636}
val: {'epoch': 25, 'time_epoch': 1.58422, 'loss': 0.23151045, 'lr': 0, 'params': 741882, 'time_iter': 0.08338, 'accuracy': 0.91536, 'ap': 0.61299, 'auc': 0.8872}
test: {'epoch': 25, 'time_epoch': 1.66169, 'loss': 0.2312827, 'lr': 0, 'params': 741882, 'time_iter': 0.08746, 'accuracy': 0.91291, 'ap': 0.60647, 'auc': 0.88929}
> Epoch 25: took 11.4s (avg 11.3s) | Best so far: epoch 21	train_loss: 0.1903 train_ap: 0.7254	val_loss: 0.2073 val_ap: 0.6451	test_loss: 0.2205 test_ap: 0.6101
train: {'epoch': 26, 'time_epoch': 7.73999, 'eta': 1368.25189, 'eta_hours': 0.38007, 'loss': 0.1661704, 'lr': 0.0009826, 'params': 741882, 'time_iter': 0.09106, 'accuracy': 0.94497, 'ap': 0.78473, 'auc': 0.95854}
val: {'epoch': 26, 'time_epoch': 1.56407, 'loss': 0.22147056, 'lr': 0, 'params': 741882, 'time_iter': 0.08232, 'accuracy': 0.9184, 'ap': 0.62593, 'auc': 0.89304}
test: {'epoch': 26, 'time_epoch': 1.52785, 'loss': 0.22672954, 'lr': 0, 'params': 741882, 'time_iter': 0.08041, 'accuracy': 0.91347, 'ap': 0.61496, 'auc': 0.8931}
> Epoch 26: took 11.2s (avg 11.3s) | Best so far: epoch 21	train_loss: 0.1903 train_ap: 0.7254	val_loss: 0.2073 val_ap: 0.6451	test_loss: 0.2205 test_ap: 0.6101
train: {'epoch': 27, 'time_epoch': 7.72414, 'eta': 1359.20754, 'eta_hours': 0.37756, 'loss': 0.16513704, 'lr': 0.00098038, 'params': 741882, 'time_iter': 0.09087, 'accuracy': 0.94546, 'ap': 0.79064, 'auc': 0.95972}
val: {'epoch': 27, 'time_epoch': 1.66413, 'loss': 0.22420686, 'lr': 0, 'params': 741882, 'time_iter': 0.08759, 'accuracy': 0.91647, 'ap': 0.62431, 'auc': 0.89628}
test: {'epoch': 27, 'time_epoch': 1.66967, 'loss': 0.23129198, 'lr': 0, 'params': 741882, 'time_iter': 0.08788, 'accuracy': 0.91471, 'ap': 0.6204, 'auc': 0.89211}
> Epoch 27: took 11.1s (avg 11.3s) | Best so far: epoch 21	train_loss: 0.1903 train_ap: 0.7254	val_loss: 0.2073 val_ap: 0.6451	test_loss: 0.2205 test_ap: 0.6101
train: {'epoch': 28, 'time_epoch': 7.76638, 'eta': 1350.5033, 'eta_hours': 0.37514, 'loss': 0.15812326, 'lr': 0.00097802, 'params': 741882, 'time_iter': 0.09137, 'accuracy': 0.94718, 'ap': 0.80773, 'auc': 0.9642}
val: {'epoch': 28, 'time_epoch': 1.64031, 'loss': 0.23648478, 'lr': 0, 'params': 741882, 'time_iter': 0.08633, 'accuracy': 0.91454, 'ap': 0.59906, 'auc': 0.88737}
test: {'epoch': 28, 'time_epoch': 1.66854, 'loss': 0.25195421, 'lr': 0, 'params': 741882, 'time_iter': 0.08782, 'accuracy': 0.91103, 'ap': 0.59343, 'auc': 0.88447}
> Epoch 28: took 11.2s (avg 11.3s) | Best so far: epoch 21	train_loss: 0.1903 train_ap: 0.7254	val_loss: 0.2073 val_ap: 0.6451	test_loss: 0.2205 test_ap: 0.6101
train: {'epoch': 29, 'time_epoch': 7.72848, 'eta': 1341.64684, 'eta_hours': 0.37268, 'loss': 0.15424698, 'lr': 0.00097553, 'params': 741882, 'time_iter': 0.09092, 'accuracy': 0.94873, 'ap': 0.81569, 'auc': 0.96726}
val: {'epoch': 29, 'time_epoch': 1.58325, 'loss': 0.22815494, 'lr': 0, 'params': 741882, 'time_iter': 0.08333, 'accuracy': 0.9178, 'ap': 0.6266, 'auc': 0.89308}
test: {'epoch': 29, 'time_epoch': 1.59206, 'loss': 0.23141172, 'lr': 0, 'params': 741882, 'time_iter': 0.08379, 'accuracy': 0.91634, 'ap': 0.62266, 'auc': 0.88491}
> Epoch 29: took 11.2s (avg 11.3s) | Best so far: epoch 21	train_loss: 0.1903 train_ap: 0.7254	val_loss: 0.2073 val_ap: 0.6451	test_loss: 0.2205 test_ap: 0.6101
train: {'epoch': 30, 'time_epoch': 7.87153, 'eta': 1333.64297, 'eta_hours': 0.37046, 'loss': 0.15093797, 'lr': 0.00097291, 'params': 741882, 'time_iter': 0.09261, 'accuracy': 0.95066, 'ap': 0.82126, 'auc': 0.96786}
val: {'epoch': 30, 'time_epoch': 1.58323, 'loss': 0.23384899, 'lr': 0, 'params': 741882, 'time_iter': 0.08333, 'accuracy': 0.91677, 'ap': 0.62417, 'auc': 0.88941}
test: {'epoch': 30, 'time_epoch': 1.41197, 'loss': 0.23647014, 'lr': 0, 'params': 741882, 'time_iter': 0.07431, 'accuracy': 0.91665, 'ap': 0.62617, 'auc': 0.89454}
> Epoch 30: took 11.3s (avg 11.3s) | Best so far: epoch 21	train_loss: 0.1903 train_ap: 0.7254	val_loss: 0.2073 val_ap: 0.6451	test_loss: 0.2205 test_ap: 0.6101
train: {'epoch': 31, 'time_epoch': 8.00746, 'eta': 1326.36102, 'eta_hours': 0.36843, 'loss': 0.14722752, 'lr': 0.00097016, 'params': 741882, 'time_iter': 0.09421, 'accuracy': 0.95225, 'ap': 0.83146, 'auc': 0.97085}
val: {'epoch': 31, 'time_epoch': 1.45411, 'loss': 0.24390096, 'lr': 0, 'params': 741882, 'time_iter': 0.07653, 'accuracy': 0.91583, 'ap': 0.62562, 'auc': 0.89466}
test: {'epoch': 31, 'time_epoch': 1.59742, 'loss': 0.25429091, 'lr': 0, 'params': 741882, 'time_iter': 0.08407, 'accuracy': 0.9103, 'ap': 0.61699, 'auc': 0.8869}
> Epoch 31: took 11.3s (avg 11.3s) | Best so far: epoch 21	train_loss: 0.1903 train_ap: 0.7254	val_loss: 0.2073 val_ap: 0.6451	test_loss: 0.2205 test_ap: 0.6101
train: {'epoch': 32, 'time_epoch': 7.85429, 'eta': 1318.25997, 'eta_hours': 0.36618, 'loss': 0.14241732, 'lr': 0.00096728, 'params': 741882, 'time_iter': 0.0924, 'accuracy': 0.95392, 'ap': 0.83996, 'auc': 0.9729}
val: {'epoch': 32, 'time_epoch': 1.65967, 'loss': 0.24179809, 'lr': 0, 'params': 741882, 'time_iter': 0.08735, 'accuracy': 0.91283, 'ap': 0.60231, 'auc': 0.87771}
test: {'epoch': 32, 'time_epoch': 1.6707, 'loss': 0.24272441, 'lr': 0, 'params': 741882, 'time_iter': 0.08793, 'accuracy': 0.91236, 'ap': 0.59668, 'auc': 0.87624}
> Epoch 32: took 11.3s (avg 11.3s) | Best so far: epoch 21	train_loss: 0.1903 train_ap: 0.7254	val_loss: 0.2073 val_ap: 0.6451	test_loss: 0.2205 test_ap: 0.6101
train: {'epoch': 33, 'time_epoch': 7.72886, 'eta': 1309.56102, 'eta_hours': 0.36377, 'loss': 0.1395738, 'lr': 0.00096428, 'params': 741882, 'time_iter': 0.09093, 'accuracy': 0.95557, 'ap': 0.8475, 'auc': 0.97392}
val: {'epoch': 33, 'time_epoch': 1.76307, 'loss': 0.22942933, 'lr': 0, 'params': 741882, 'time_iter': 0.09279, 'accuracy': 0.91926, 'ap': 0.63961, 'auc': 0.90046}
test: {'epoch': 33, 'time_epoch': 1.66317, 'loss': 0.23570482, 'lr': 0, 'params': 741882, 'time_iter': 0.08754, 'accuracy': 0.91737, 'ap': 0.64679, 'auc': 0.90118}
> Epoch 33: took 11.2s (avg 11.3s) | Best so far: epoch 21	train_loss: 0.1903 train_ap: 0.7254	val_loss: 0.2073 val_ap: 0.6451	test_loss: 0.2205 test_ap: 0.6101
train: {'epoch': 34, 'time_epoch': 7.71119, 'eta': 1300.83423, 'eta_hours': 0.36134, 'loss': 0.13530021, 'lr': 0.00096114, 'params': 741882, 'time_iter': 0.09072, 'accuracy': 0.95669, 'ap': 0.85415, 'auc': 0.97663}
val: {'epoch': 34, 'time_epoch': 1.67805, 'loss': 0.26149187, 'lr': 0, 'params': 741882, 'time_iter': 0.08832, 'accuracy': 0.91467, 'ap': 0.61061, 'auc': 0.88765}
test: {'epoch': 34, 'time_epoch': 1.66331, 'loss': 0.26621923, 'lr': 0, 'params': 741882, 'time_iter': 0.08754, 'accuracy': 0.91175, 'ap': 0.60203, 'auc': 0.88511}
> Epoch 34: took 11.1s (avg 11.3s) | Best so far: epoch 21	train_loss: 0.1903 train_ap: 0.7254	val_loss: 0.2073 val_ap: 0.6451	test_loss: 0.2205 test_ap: 0.6101
train: {'epoch': 35, 'time_epoch': 7.75143, 'eta': 1292.34717, 'eta_hours': 0.35899, 'loss': 0.13362727, 'lr': 0.00095789, 'params': 741882, 'time_iter': 0.09119, 'accuracy': 0.95804, 'ap': 0.86028, 'auc': 0.97753}
val: {'epoch': 35, 'time_epoch': 1.6203, 'loss': 0.23016667, 'lr': 0, 'params': 741882, 'time_iter': 0.08528, 'accuracy': 0.92239, 'ap': 0.66376, 'auc': 0.90574}
test: {'epoch': 35, 'time_epoch': 1.66986, 'loss': 0.24413682, 'lr': 0, 'params': 741882, 'time_iter': 0.08789, 'accuracy': 0.91725, 'ap': 0.63031, 'auc': 0.89336}
> Epoch 35: took 11.4s (avg 11.3s) | Best so far: epoch 35	train_loss: 0.1336 train_ap: 0.8603	val_loss: 0.2302 val_ap: 0.6638	test_loss: 0.2441 test_ap: 0.6303
train: {'epoch': 36, 'time_epoch': 7.87917, 'eta': 1284.46263, 'eta_hours': 0.3568, 'loss': 0.12493093, 'lr': 0.0009545, 'params': 741882, 'time_iter': 0.0927, 'accuracy': 0.96115, 'ap': 0.87906, 'auc': 0.98045}
val: {'epoch': 36, 'time_epoch': 1.66105, 'loss': 0.23887849, 'lr': 0, 'params': 741882, 'time_iter': 0.08742, 'accuracy': 0.92252, 'ap': 0.64153, 'auc': 0.8971}
test: {'epoch': 36, 'time_epoch': 1.66589, 'loss': 0.24681023, 'lr': 0, 'params': 741882, 'time_iter': 0.08768, 'accuracy': 0.91669, 'ap': 0.6347, 'auc': 0.90122}
> Epoch 36: took 11.3s (avg 11.3s) | Best so far: epoch 35	train_loss: 0.1336 train_ap: 0.8603	val_loss: 0.2302 val_ap: 0.6638	test_loss: 0.2441 test_ap: 0.6303
train: {'epoch': 37, 'time_epoch': 7.75192, 'eta': 1276.03586, 'eta_hours': 0.35445, 'loss': 0.12032604, 'lr': 0.000951, 'params': 741882, 'time_iter': 0.0912, 'accuracy': 0.96266, 'ap': 0.8871, 'auc': 0.98306}
val: {'epoch': 37, 'time_epoch': 1.66815, 'loss': 0.23938761, 'lr': 0, 'params': 741882, 'time_iter': 0.0878, 'accuracy': 0.92278, 'ap': 0.65623, 'auc': 0.90282}
test: {'epoch': 37, 'time_epoch': 1.66949, 'loss': 0.25232512, 'lr': 0, 'params': 741882, 'time_iter': 0.08787, 'accuracy': 0.91634, 'ap': 0.64834, 'auc': 0.89662}
> Epoch 37: took 11.2s (avg 11.3s) | Best so far: epoch 35	train_loss: 0.1336 train_ap: 0.8603	val_loss: 0.2302 val_ap: 0.6638	test_loss: 0.2441 test_ap: 0.6303
train: {'epoch': 38, 'time_epoch': 7.69923, 'eta': 1267.4262, 'eta_hours': 0.35206, 'loss': 0.11979307, 'lr': 0.00094736, 'params': 741882, 'time_iter': 0.09058, 'accuracy': 0.9631, 'ap': 0.89084, 'auc': 0.98323}
val: {'epoch': 38, 'time_epoch': 1.67108, 'loss': 0.237674, 'lr': 0, 'params': 741882, 'time_iter': 0.08795, 'accuracy': 0.92505, 'ap': 0.66426, 'auc': 0.90084}
test: {'epoch': 38, 'time_epoch': 1.67988, 'loss': 0.25042212, 'lr': 0, 'params': 741882, 'time_iter': 0.08841, 'accuracy': 0.92012, 'ap': 0.64618, 'auc': 0.89597}
> Epoch 38: took 11.1s (avg 11.3s) | Best so far: epoch 38	train_loss: 0.1198 train_ap: 0.8908	val_loss: 0.2377 val_ap: 0.6643	test_loss: 0.2504 test_ap: 0.6462
train: {'epoch': 39, 'time_epoch': 7.8034, 'eta': 1259.27874, 'eta_hours': 0.3498, 'loss': 0.11389199, 'lr': 0.00094361, 'params': 741882, 'time_iter': 0.0918, 'accuracy': 0.96596, 'ap': 0.89825, 'auc': 0.9848}
val: {'epoch': 39, 'time_epoch': 1.65239, 'loss': 0.24254708, 'lr': 0, 'params': 741882, 'time_iter': 0.08697, 'accuracy': 0.92312, 'ap': 0.67091, 'auc': 0.90538}
test: {'epoch': 39, 'time_epoch': 1.65107, 'loss': 0.27197286, 'lr': 0, 'params': 741882, 'time_iter': 0.0869, 'accuracy': 0.91587, 'ap': 0.62318, 'auc': 0.89946}
> Epoch 39: took 11.2s (avg 11.3s) | Best so far: epoch 39	train_loss: 0.1139 train_ap: 0.8982	val_loss: 0.2425 val_ap: 0.6709	test_loss: 0.2720 test_ap: 0.6232
train: {'epoch': 40, 'time_epoch': 7.78028, 'eta': 1251.0584, 'eta_hours': 0.34752, 'loss': 0.1139355, 'lr': 0.00093974, 'params': 741882, 'time_iter': 0.09153, 'accuracy': 0.96523, 'ap': 0.90112, 'auc': 0.98506}
val: {'epoch': 40, 'time_epoch': 1.64349, 'loss': 0.25070262, 'lr': 0, 'params': 741882, 'time_iter': 0.0865, 'accuracy': 0.92201, 'ap': 0.65547, 'auc': 0.89795}
test: {'epoch': 40, 'time_epoch': 1.64927, 'loss': 0.25805569, 'lr': 0, 'params': 741882, 'time_iter': 0.0868, 'accuracy': 0.91755, 'ap': 0.63039, 'auc': 0.89301}
> Epoch 40: took 11.1s (avg 11.3s) | Best so far: epoch 39	train_loss: 0.1139 train_ap: 0.8982	val_loss: 0.2425 val_ap: 0.6709	test_loss: 0.2720 test_ap: 0.6232
train: {'epoch': 41, 'time_epoch': 7.70824, 'eta': 1242.58801, 'eta_hours': 0.34516, 'loss': 0.11473805, 'lr': 0.00093574, 'params': 741882, 'time_iter': 0.09069, 'accuracy': 0.96514, 'ap': 0.89841, 'auc': 0.98547}
val: {'epoch': 41, 'time_epoch': 1.65136, 'loss': 0.31948597, 'lr': 0, 'params': 741882, 'time_iter': 0.08691, 'accuracy': 0.89618, 'ap': 0.51269, 'auc': 0.82888}
test: {'epoch': 41, 'time_epoch': 1.64873, 'loss': 0.3213701, 'lr': 0, 'params': 741882, 'time_iter': 0.08678, 'accuracy': 0.89442, 'ap': 0.51404, 'auc': 0.8347}
> Epoch 41: took 11.1s (avg 11.3s) | Best so far: epoch 39	train_loss: 0.1139 train_ap: 0.8982	val_loss: 0.2425 val_ap: 0.6709	test_loss: 0.2720 test_ap: 0.6232
train: {'epoch': 42, 'time_epoch': 7.74124, 'eta': 1234.27356, 'eta_hours': 0.34285, 'loss': 0.10659321, 'lr': 0.00093163, 'params': 741882, 'time_iter': 0.09107, 'accuracy': 0.96863, 'ap': 0.91311, 'auc': 0.98795}
val: {'epoch': 42, 'time_epoch': 1.65015, 'loss': 0.27057292, 'lr': 0, 'params': 741882, 'time_iter': 0.08685, 'accuracy': 0.91896, 'ap': 0.63992, 'auc': 0.89372}
test: {'epoch': 42, 'time_epoch': 1.64688, 'loss': 0.27160274, 'lr': 0, 'params': 741882, 'time_iter': 0.08668, 'accuracy': 0.91587, 'ap': 0.62445, 'auc': 0.88866}
> Epoch 42: took 11.1s (avg 11.3s) | Best so far: epoch 39	train_loss: 0.1139 train_ap: 0.8982	val_loss: 0.2425 val_ap: 0.6709	test_loss: 0.2720 test_ap: 0.6232
train: {'epoch': 43, 'time_epoch': 7.76522, 'eta': 1226.07019, 'eta_hours': 0.34058, 'loss': 0.10288752, 'lr': 0.0009274, 'params': 741882, 'time_iter': 0.09136, 'accuracy': 0.96992, 'ap': 0.9178, 'auc': 0.98901}
val: {'epoch': 43, 'time_epoch': 1.69829, 'loss': 0.2672131, 'lr': 0, 'params': 741882, 'time_iter': 0.08938, 'accuracy': 0.92046, 'ap': 0.64935, 'auc': 0.89292}
test: {'epoch': 43, 'time_epoch': 1.65218, 'loss': 0.27895138, 'lr': 0, 'params': 741882, 'time_iter': 0.08696, 'accuracy': 0.91725, 'ap': 0.63871, 'auc': 0.88916}
> Epoch 43: took 11.2s (avg 11.3s) | Best so far: epoch 39	train_loss: 0.1139 train_ap: 0.8982	val_loss: 0.2425 val_ap: 0.6709	test_loss: 0.2720 test_ap: 0.6232
train: {'epoch': 44, 'time_epoch': 8.06606, 'eta': 1218.92251, 'eta_hours': 0.33859, 'loss': 0.10188069, 'lr': 0.00092305, 'params': 741882, 'time_iter': 0.09489, 'accuracy': 0.97047, 'ap': 0.92206, 'auc': 0.98905}
val: {'epoch': 44, 'time_epoch': 1.57192, 'loss': 0.25732856, 'lr': 0, 'params': 741882, 'time_iter': 0.08273, 'accuracy': 0.92042, 'ap': 0.65534, 'auc': 0.90111}
test: {'epoch': 44, 'time_epoch': 1.51857, 'loss': 0.26806336, 'lr': 0, 'params': 741882, 'time_iter': 0.07992, 'accuracy': 0.91995, 'ap': 0.64231, 'auc': 0.89249}
> Epoch 44: took 11.5s (avg 11.3s) | Best so far: epoch 39	train_loss: 0.1139 train_ap: 0.8982	val_loss: 0.2425 val_ap: 0.6709	test_loss: 0.2720 test_ap: 0.6232
train: {'epoch': 45, 'time_epoch': 7.70314, 'eta': 1210.51991, 'eta_hours': 0.33626, 'loss': 0.09894777, 'lr': 0.00091858, 'params': 741882, 'time_iter': 0.09063, 'accuracy': 0.97209, 'ap': 0.92547, 'auc': 0.98997}
val: {'epoch': 45, 'time_epoch': 1.66767, 'loss': 0.29224484, 'lr': 0, 'params': 741882, 'time_iter': 0.08777, 'accuracy': 0.91416, 'ap': 0.61735, 'auc': 0.88522}
test: {'epoch': 45, 'time_epoch': 1.63779, 'loss': 0.29087694, 'lr': 0, 'params': 741882, 'time_iter': 0.0862, 'accuracy': 0.91218, 'ap': 0.61099, 'auc': 0.88153}
> Epoch 45: took 11.1s (avg 11.3s) | Best so far: epoch 39	train_loss: 0.1139 train_ap: 0.8982	val_loss: 0.2425 val_ap: 0.6709	test_loss: 0.2720 test_ap: 0.6232
train: {'epoch': 46, 'time_epoch': 7.71141, 'eta': 1202.17401, 'eta_hours': 0.33394, 'loss': 0.09642513, 'lr': 0.000914, 'params': 741882, 'time_iter': 0.09072, 'accuracy': 0.9728, 'ap': 0.93163, 'auc': 0.99069}
val: {'epoch': 46, 'time_epoch': 1.65973, 'loss': 0.28345456, 'lr': 0, 'params': 741882, 'time_iter': 0.08735, 'accuracy': 0.91845, 'ap': 0.62623, 'auc': 0.89503}
test: {'epoch': 46, 'time_epoch': 1.65192, 'loss': 0.30961771, 'lr': 0, 'params': 741882, 'time_iter': 0.08694, 'accuracy': 0.91205, 'ap': 0.61645, 'auc': 0.87817}
> Epoch 46: took 11.1s (avg 11.3s) | Best so far: epoch 39	train_loss: 0.1139 train_ap: 0.8982	val_loss: 0.2425 val_ap: 0.6709	test_loss: 0.2720 test_ap: 0.6232
train: {'epoch': 47, 'time_epoch': 7.59801, 'eta': 1193.49544, 'eta_hours': 0.33153, 'loss': 0.09552487, 'lr': 0.00090931, 'params': 741882, 'time_iter': 0.08939, 'accuracy': 0.97319, 'ap': 0.93182, 'auc': 0.99107}
val: {'epoch': 47, 'time_epoch': 1.65311, 'loss': 0.28078747, 'lr': 0, 'params': 741882, 'time_iter': 0.08701, 'accuracy': 0.91935, 'ap': 0.63529, 'auc': 0.88795}
test: {'epoch': 47, 'time_epoch': 1.55898, 'loss': 0.30020359, 'lr': 0, 'params': 741882, 'time_iter': 0.08205, 'accuracy': 0.91437, 'ap': 0.61881, 'auc': 0.88508}
> Epoch 47: took 11.1s (avg 11.3s) | Best so far: epoch 39	train_loss: 0.1139 train_ap: 0.8982	val_loss: 0.2425 val_ap: 0.6709	test_loss: 0.2720 test_ap: 0.6232
train: {'epoch': 48, 'time_epoch': 7.78138, 'eta': 1185.42606, 'eta_hours': 0.32929, 'loss': 0.09451566, 'lr': 0.00090451, 'params': 741882, 'time_iter': 0.09155, 'accuracy': 0.97348, 'ap': 0.93535, 'auc': 0.99148}
val: {'epoch': 48, 'time_epoch': 1.65741, 'loss': 0.2752884, 'lr': 0, 'params': 741882, 'time_iter': 0.08723, 'accuracy': 0.92244, 'ap': 0.65846, 'auc': 0.90239}
test: {'epoch': 48, 'time_epoch': 1.66696, 'loss': 0.29486946, 'lr': 0, 'params': 741882, 'time_iter': 0.08773, 'accuracy': 0.9178, 'ap': 0.64585, 'auc': 0.89346}
> Epoch 48: took 11.2s (avg 11.3s) | Best so far: epoch 39	train_loss: 0.1139 train_ap: 0.8982	val_loss: 0.2425 val_ap: 0.6709	test_loss: 0.2720 test_ap: 0.6232
train: {'epoch': 49, 'time_epoch': 7.71668, 'eta': 1177.17408, 'eta_hours': 0.32699, 'loss': 0.09261403, 'lr': 0.00089959, 'params': 741882, 'time_iter': 0.09078, 'accuracy': 0.97389, 'ap': 0.93869, 'auc': 0.99176}
val: {'epoch': 49, 'time_epoch': 1.63755, 'loss': 0.29263599, 'lr': 0, 'params': 741882, 'time_iter': 0.08619, 'accuracy': 0.91836, 'ap': 0.63425, 'auc': 0.89069}
test: {'epoch': 49, 'time_epoch': 1.67092, 'loss': 0.31379319, 'lr': 0, 'params': 741882, 'time_iter': 0.08794, 'accuracy': 0.91467, 'ap': 0.6184, 'auc': 0.87964}
> Epoch 49: took 11.1s (avg 11.3s) | Best so far: epoch 39	train_loss: 0.1139 train_ap: 0.8982	val_loss: 0.2425 val_ap: 0.6709	test_loss: 0.2720 test_ap: 0.6232
train: {'epoch': 50, 'time_epoch': 7.73892, 'eta': 1169.00807, 'eta_hours': 0.32472, 'loss': 0.09080236, 'lr': 0.00089457, 'params': 741882, 'time_iter': 0.09105, 'accuracy': 0.97529, 'ap': 0.94103, 'auc': 0.99219}
val: {'epoch': 50, 'time_epoch': 1.65815, 'loss': 0.28546642, 'lr': 0, 'params': 741882, 'time_iter': 0.08727, 'accuracy': 0.91922, 'ap': 0.63446, 'auc': 0.89261}
test: {'epoch': 50, 'time_epoch': 1.65771, 'loss': 0.29570635, 'lr': 0, 'params': 741882, 'time_iter': 0.08725, 'accuracy': 0.91789, 'ap': 0.6348, 'auc': 0.89022}
> Epoch 50: took 11.1s (avg 11.3s) | Best so far: epoch 39	train_loss: 0.1139 train_ap: 0.8982	val_loss: 0.2425 val_ap: 0.6709	test_loss: 0.2720 test_ap: 0.6232
train: {'epoch': 51, 'time_epoch': 7.85221, 'eta': 1161.18095, 'eta_hours': 0.32255, 'loss': 0.08444333, 'lr': 0.00088944, 'params': 741882, 'time_iter': 0.09238, 'accuracy': 0.97792, 'ap': 0.94904, 'auc': 0.99369}
val: {'epoch': 51, 'time_epoch': 1.64632, 'loss': 0.28862459, 'lr': 0, 'params': 741882, 'time_iter': 0.08665, 'accuracy': 0.92196, 'ap': 0.64238, 'auc': 0.89269}
test: {'epoch': 51, 'time_epoch': 1.65898, 'loss': 0.29851098, 'lr': 0, 'params': 741882, 'time_iter': 0.08731, 'accuracy': 0.92085, 'ap': 0.63849, 'auc': 0.89169}
> Epoch 51: took 11.2s (avg 11.3s) | Best so far: epoch 39	train_loss: 0.1139 train_ap: 0.8982	val_loss: 0.2425 val_ap: 0.6709	test_loss: 0.2720 test_ap: 0.6232
train: {'epoch': 52, 'time_epoch': 7.76735, 'eta': 1153.11751, 'eta_hours': 0.32031, 'loss': 0.08214717, 'lr': 0.0008842, 'params': 741882, 'time_iter': 0.09138, 'accuracy': 0.97867, 'ap': 0.9533, 'auc': 0.99413}
val: {'epoch': 52, 'time_epoch': 1.63322, 'loss': 0.28639382, 'lr': 0, 'params': 741882, 'time_iter': 0.08596, 'accuracy': 0.91471, 'ap': 0.62918, 'auc': 0.88414}
test: {'epoch': 52, 'time_epoch': 1.65157, 'loss': 0.30495816, 'lr': 0, 'params': 741882, 'time_iter': 0.08692, 'accuracy': 0.9136, 'ap': 0.62518, 'auc': 0.88271}
> Epoch 52: took 11.1s (avg 11.2s) | Best so far: epoch 39	train_loss: 0.1139 train_ap: 0.8982	val_loss: 0.2425 val_ap: 0.6709	test_loss: 0.2720 test_ap: 0.6232
train: {'epoch': 53, 'time_epoch': 7.74356, 'eta': 1145.00071, 'eta_hours': 0.31806, 'loss': 0.08108841, 'lr': 0.00087886, 'params': 741882, 'time_iter': 0.0911, 'accuracy': 0.97883, 'ap': 0.95279, 'auc': 0.9945}
val: {'epoch': 53, 'time_epoch': 1.65213, 'loss': 0.29898171, 'lr': 0, 'params': 741882, 'time_iter': 0.08695, 'accuracy': 0.92625, 'ap': 0.65692, 'auc': 0.89792}
test: {'epoch': 53, 'time_epoch': 1.65194, 'loss': 0.32286301, 'lr': 0, 'params': 741882, 'time_iter': 0.08694, 'accuracy': 0.92051, 'ap': 0.6339, 'auc': 0.88895}
> Epoch 53: took 11.1s (avg 11.2s) | Best so far: epoch 39	train_loss: 0.1139 train_ap: 0.8982	val_loss: 0.2425 val_ap: 0.6709	test_loss: 0.2720 test_ap: 0.6232
train: {'epoch': 54, 'time_epoch': 7.72779, 'eta': 1136.85589, 'eta_hours': 0.31579, 'loss': 0.0839485, 'lr': 0.00087341, 'params': 741882, 'time_iter': 0.09092, 'accuracy': 0.97738, 'ap': 0.95153, 'auc': 0.99392}
val: {'epoch': 54, 'time_epoch': 1.65496, 'loss': 0.3459741, 'lr': 0, 'params': 741882, 'time_iter': 0.0871, 'accuracy': 0.91296, 'ap': 0.61027, 'auc': 0.88187}
test: {'epoch': 54, 'time_epoch': 1.6505, 'loss': 0.38845278, 'lr': 0, 'params': 741882, 'time_iter': 0.08687, 'accuracy': 0.90386, 'ap': 0.56676, 'auc': 0.85943}
> Epoch 54: took 11.1s (avg 11.2s) | Best so far: epoch 39	train_loss: 0.1139 train_ap: 0.8982	val_loss: 0.2425 val_ap: 0.6709	test_loss: 0.2720 test_ap: 0.6232
train: {'epoch': 55, 'time_epoch': 7.71326, 'eta': 1128.6886, 'eta_hours': 0.31352, 'loss': 0.08226491, 'lr': 0.00086786, 'params': 741882, 'time_iter': 0.09074, 'accuracy': 0.97884, 'ap': 0.95247, 'auc': 0.99408}
val: {'epoch': 55, 'time_epoch': 1.66017, 'loss': 0.3005281, 'lr': 0, 'params': 741882, 'time_iter': 0.08738, 'accuracy': 0.92445, 'ap': 0.65797, 'auc': 0.90001}
test: {'epoch': 55, 'time_epoch': 1.6271, 'loss': 0.33197527, 'lr': 0, 'params': 741882, 'time_iter': 0.08564, 'accuracy': 0.91682, 'ap': 0.63481, 'auc': 0.88587}
> Epoch 55: took 11.1s (avg 11.2s) | Best so far: epoch 39	train_loss: 0.1139 train_ap: 0.8982	val_loss: 0.2425 val_ap: 0.6709	test_loss: 0.2720 test_ap: 0.6232
train: {'epoch': 56, 'time_epoch': 7.66995, 'eta': 1120.4286, 'eta_hours': 0.31123, 'loss': 0.07785787, 'lr': 0.00086221, 'params': 741882, 'time_iter': 0.09023, 'accuracy': 0.98047, 'ap': 0.95886, 'auc': 0.99488}
val: {'epoch': 56, 'time_epoch': 1.64653, 'loss': 0.29624496, 'lr': 0, 'params': 741882, 'time_iter': 0.08666, 'accuracy': 0.92347, 'ap': 0.65539, 'auc': 0.89608}
test: {'epoch': 56, 'time_epoch': 1.62959, 'loss': 0.31094598, 'lr': 0, 'params': 741882, 'time_iter': 0.08577, 'accuracy': 0.91892, 'ap': 0.63607, 'auc': 0.88733}
> Epoch 56: took 11.0s (avg 11.2s) | Best so far: epoch 39	train_loss: 0.1139 train_ap: 0.8982	val_loss: 0.2425 val_ap: 0.6709	test_loss: 0.2720 test_ap: 0.6232
train: {'epoch': 57, 'time_epoch': 7.75227, 'eta': 1112.39049, 'eta_hours': 0.309, 'loss': 0.07713166, 'lr': 0.00085646, 'params': 741882, 'time_iter': 0.0912, 'accuracy': 0.98071, 'ap': 0.96038, 'auc': 0.99533}
val: {'epoch': 57, 'time_epoch': 1.66158, 'loss': 0.31619299, 'lr': 0, 'params': 741882, 'time_iter': 0.08745, 'accuracy': 0.91815, 'ap': 0.62079, 'auc': 0.87931}
test: {'epoch': 57, 'time_epoch': 1.65261, 'loss': 0.33723308, 'lr': 0, 'params': 741882, 'time_iter': 0.08698, 'accuracy': 0.91471, 'ap': 0.6118, 'auc': 0.87546}
> Epoch 57: took 11.1s (avg 11.2s) | Best so far: epoch 39	train_loss: 0.1139 train_ap: 0.8982	val_loss: 0.2425 val_ap: 0.6709	test_loss: 0.2720 test_ap: 0.6232
train: {'epoch': 58, 'time_epoch': 7.80311, 'eta': 1104.48356, 'eta_hours': 0.3068, 'loss': 0.07575733, 'lr': 0.00085062, 'params': 741882, 'time_iter': 0.0918, 'accuracy': 0.98137, 'ap': 0.96143, 'auc': 0.99542}
val: {'epoch': 58, 'time_epoch': 1.68108, 'loss': 0.30629413, 'lr': 0, 'params': 741882, 'time_iter': 0.08848, 'accuracy': 0.92175, 'ap': 0.64311, 'auc': 0.89488}
test: {'epoch': 58, 'time_epoch': 1.68156, 'loss': 0.31953564, 'lr': 0, 'params': 741882, 'time_iter': 0.0885, 'accuracy': 0.91883, 'ap': 0.64658, 'auc': 0.8873}
> Epoch 58: took 11.2s (avg 11.2s) | Best so far: epoch 39	train_loss: 0.1139 train_ap: 0.8982	val_loss: 0.2425 val_ap: 0.6709	test_loss: 0.2720 test_ap: 0.6232
train: {'epoch': 59, 'time_epoch': 7.08382, 'eta': 1094.90176, 'eta_hours': 0.30414, 'loss': 0.07431512, 'lr': 0.00084468, 'params': 741882, 'time_iter': 0.08334, 'accuracy': 0.98194, 'ap': 0.96413, 'auc': 0.99584}
val: {'epoch': 59, 'time_epoch': 1.31249, 'loss': 0.31105484, 'lr': 0, 'params': 741882, 'time_iter': 0.06908, 'accuracy': 0.92334, 'ap': 0.6593, 'auc': 0.89645}
test: {'epoch': 59, 'time_epoch': 1.33103, 'loss': 0.33169774, 'lr': 0, 'params': 741882, 'time_iter': 0.07005, 'accuracy': 0.91849, 'ap': 0.64317, 'auc': 0.89049}
> Epoch 59: took 9.8s (avg 11.2s) | Best so far: epoch 39	train_loss: 0.1139 train_ap: 0.8982	val_loss: 0.2425 val_ap: 0.6709	test_loss: 0.2720 test_ap: 0.6232
train: {'epoch': 60, 'time_epoch': 6.44097, 'eta': 1083.93701, 'eta_hours': 0.30109, 'loss': 0.07291893, 'lr': 0.00083864, 'params': 741882, 'time_iter': 0.07578, 'accuracy': 0.98254, 'ap': 0.96814, 'auc': 0.99595}
val: {'epoch': 60, 'time_epoch': 1.3064, 'loss': 0.31822188, 'lr': 0, 'params': 741882, 'time_iter': 0.06876, 'accuracy': 0.92166, 'ap': 0.64999, 'auc': 0.893}
test: {'epoch': 60, 'time_epoch': 1.32651, 'loss': 0.32125975, 'lr': 0, 'params': 741882, 'time_iter': 0.06982, 'accuracy': 0.92111, 'ap': 0.64549, 'auc': 0.88661}
> Epoch 60: took 9.6s (avg 11.2s) | Best so far: epoch 39	train_loss: 0.1139 train_ap: 0.8982	val_loss: 0.2425 val_ap: 0.6709	test_loss: 0.2720 test_ap: 0.6232
train: {'epoch': 61, 'time_epoch': 7.71979, 'eta': 1075.96458, 'eta_hours': 0.29888, 'loss': 0.06950471, 'lr': 0.00083251, 'params': 741882, 'time_iter': 0.09082, 'accuracy': 0.98416, 'ap': 0.96871, 'auc': 0.99647}
val: {'epoch': 61, 'time_epoch': 1.665, 'loss': 0.31980104, 'lr': 0, 'params': 741882, 'time_iter': 0.08763, 'accuracy': 0.92372, 'ap': 0.65835, 'auc': 0.89532}
test: {'epoch': 61, 'time_epoch': 1.64887, 'loss': 0.33669629, 'lr': 0, 'params': 741882, 'time_iter': 0.08678, 'accuracy': 0.91978, 'ap': 0.64248, 'auc': 0.89179}
> Epoch 61: took 11.1s (avg 11.2s) | Best so far: epoch 39	train_loss: 0.1139 train_ap: 0.8982	val_loss: 0.2425 val_ap: 0.6709	test_loss: 0.2720 test_ap: 0.6232
train: {'epoch': 62, 'time_epoch': 7.90289, 'eta': 1068.39834, 'eta_hours': 0.29678, 'loss': 0.07000822, 'lr': 0.00082629, 'params': 741882, 'time_iter': 0.09298, 'accuracy': 0.98366, 'ap': 0.97036, 'auc': 0.99646}
val: {'epoch': 62, 'time_epoch': 1.43344, 'loss': 0.32914204, 'lr': 0, 'params': 741882, 'time_iter': 0.07544, 'accuracy': 0.92411, 'ap': 0.65783, 'auc': 0.89674}
test: {'epoch': 62, 'time_epoch': 1.56246, 'loss': 0.35198133, 'lr': 0, 'params': 741882, 'time_iter': 0.08223, 'accuracy': 0.92046, 'ap': 0.63788, 'auc': 0.88463}
> Epoch 62: took 11.3s (avg 11.2s) | Best so far: epoch 39	train_loss: 0.1139 train_ap: 0.8982	val_loss: 0.2425 val_ap: 0.6709	test_loss: 0.2720 test_ap: 0.6232
train: {'epoch': 63, 'time_epoch': 8.01889, 'eta': 1061.06808, 'eta_hours': 0.29474, 'loss': 0.06980528, 'lr': 0.00081998, 'params': 741882, 'time_iter': 0.09434, 'accuracy': 0.98431, 'ap': 0.97097, 'auc': 0.99656}
val: {'epoch': 63, 'time_epoch': 1.65552, 'loss': 0.31197193, 'lr': 0, 'params': 741882, 'time_iter': 0.08713, 'accuracy': 0.92471, 'ap': 0.66641, 'auc': 0.8931}
test: {'epoch': 63, 'time_epoch': 1.65866, 'loss': 0.34136221, 'lr': 0, 'params': 741882, 'time_iter': 0.0873, 'accuracy': 0.91922, 'ap': 0.64304, 'auc': 0.88929}
> Epoch 63: took 11.4s (avg 11.2s) | Best so far: epoch 39	train_loss: 0.1139 train_ap: 0.8982	val_loss: 0.2425 val_ap: 0.6709	test_loss: 0.2720 test_ap: 0.6232
train: {'epoch': 64, 'time_epoch': 7.74721, 'eta': 1053.15237, 'eta_hours': 0.29254, 'loss': 0.06712223, 'lr': 0.00081359, 'params': 741882, 'time_iter': 0.09114, 'accuracy': 0.98485, 'ap': 0.97313, 'auc': 0.99696}
val: {'epoch': 64, 'time_epoch': 1.41083, 'loss': 0.33067311, 'lr': 0, 'params': 741882, 'time_iter': 0.07425, 'accuracy': 0.92531, 'ap': 0.67406, 'auc': 0.89959}
test: {'epoch': 64, 'time_epoch': 1.87297, 'loss': 0.35968434, 'lr': 0, 'params': 741882, 'time_iter': 0.09858, 'accuracy': 0.91767, 'ap': 0.64567, 'auc': 0.88797}
> Epoch 64: took 11.2s (avg 11.2s) | Best so far: epoch 64	train_loss: 0.0671 train_ap: 0.9731	val_loss: 0.3307 val_ap: 0.6741	test_loss: 0.3597 test_ap: 0.6457
train: {'epoch': 65, 'time_epoch': 7.75785, 'eta': 1045.26337, 'eta_hours': 0.29035, 'loss': 0.06657796, 'lr': 0.00080711, 'params': 741882, 'time_iter': 0.09127, 'accuracy': 0.98497, 'ap': 0.97581, 'auc': 0.99696}
val: {'epoch': 65, 'time_epoch': 1.6527, 'loss': 0.32418333, 'lr': 0, 'params': 741882, 'time_iter': 0.08698, 'accuracy': 0.92239, 'ap': 0.66095, 'auc': 0.89302}
test: {'epoch': 65, 'time_epoch': 1.6536, 'loss': 0.33937596, 'lr': 0, 'params': 741882, 'time_iter': 0.08703, 'accuracy': 0.91931, 'ap': 0.64299, 'auc': 0.89003}
> Epoch 65: took 11.1s (avg 11.2s) | Best so far: epoch 64	train_loss: 0.0671 train_ap: 0.9731	val_loss: 0.3307 val_ap: 0.6741	test_loss: 0.3597 test_ap: 0.6457
train: {'epoch': 66, 'time_epoch': 7.80282, 'eta': 1037.46757, 'eta_hours': 0.28819, 'loss': 0.06733457, 'lr': 0.00080054, 'params': 741882, 'time_iter': 0.0918, 'accuracy': 0.98466, 'ap': 0.97342, 'auc': 0.99693}
val: {'epoch': 66, 'time_epoch': 1.60465, 'loss': 0.30954973, 'lr': 0, 'params': 741882, 'time_iter': 0.08446, 'accuracy': 0.92814, 'ap': 0.67437, 'auc': 0.89761}
test: {'epoch': 66, 'time_epoch': 1.68515, 'loss': 0.34018958, 'lr': 0, 'params': 741882, 'time_iter': 0.08869, 'accuracy': 0.92076, 'ap': 0.65217, 'auc': 0.89078}
> Epoch 66: took 11.2s (avg 11.2s) | Best so far: epoch 66	train_loss: 0.0673 train_ap: 0.9734	val_loss: 0.3095 val_ap: 0.6744	test_loss: 0.3402 test_ap: 0.6522
train: {'epoch': 67, 'time_epoch': 8.07828, 'eta': 1030.20626, 'eta_hours': 0.28617, 'loss': 0.06893476, 'lr': 0.00079389, 'params': 741882, 'time_iter': 0.09504, 'accuracy': 0.98374, 'ap': 0.97147, 'auc': 0.99675}
val: {'epoch': 67, 'time_epoch': 1.66248, 'loss': 0.33142065, 'lr': 0, 'params': 741882, 'time_iter': 0.0875, 'accuracy': 0.91853, 'ap': 0.63409, 'auc': 0.88969}
test: {'epoch': 67, 'time_epoch': 1.67048, 'loss': 0.34654154, 'lr': 0, 'params': 741882, 'time_iter': 0.08792, 'accuracy': 0.91583, 'ap': 0.62474, 'auc': 0.87842}
> Epoch 67: took 11.5s (avg 11.2s) | Best so far: epoch 66	train_loss: 0.0673 train_ap: 0.9734	val_loss: 0.3095 val_ap: 0.6744	test_loss: 0.3402 test_ap: 0.6522
train: {'epoch': 68, 'time_epoch': 7.74589, 'eta': 1022.29022, 'eta_hours': 0.28397, 'loss': 0.06668072, 'lr': 0.00078716, 'params': 741882, 'time_iter': 0.09113, 'accuracy': 0.98526, 'ap': 0.97461, 'auc': 0.99702}
val: {'epoch': 68, 'time_epoch': 1.65123, 'loss': 0.33395133, 'lr': 0, 'params': 741882, 'time_iter': 0.08691, 'accuracy': 0.919, 'ap': 0.63049, 'auc': 0.8896}
test: {'epoch': 68, 'time_epoch': 1.69049, 'loss': 0.35957919, 'lr': 0, 'params': 741882, 'time_iter': 0.08897, 'accuracy': 0.91652, 'ap': 0.61753, 'auc': 0.87145}
> Epoch 68: took 11.2s (avg 11.2s) | Best so far: epoch 66	train_loss: 0.0673 train_ap: 0.9734	val_loss: 0.3095 val_ap: 0.6744	test_loss: 0.3402 test_ap: 0.6522
train: {'epoch': 69, 'time_epoch': 7.85739, 'eta': 1014.58611, 'eta_hours': 0.28183, 'loss': 0.06675889, 'lr': 0.00078036, 'params': 741882, 'time_iter': 0.09244, 'accuracy': 0.98518, 'ap': 0.97494, 'auc': 0.99699}
val: {'epoch': 69, 'time_epoch': 1.64717, 'loss': 0.32949178, 'lr': 0, 'params': 741882, 'time_iter': 0.08669, 'accuracy': 0.92484, 'ap': 0.66056, 'auc': 0.89241}
test: {'epoch': 69, 'time_epoch': 1.66703, 'loss': 0.3659601, 'lr': 0, 'params': 741882, 'time_iter': 0.08774, 'accuracy': 0.92008, 'ap': 0.63484, 'auc': 0.88158}
> Epoch 69: took 11.2s (avg 11.2s) | Best so far: epoch 66	train_loss: 0.0673 train_ap: 0.9734	val_loss: 0.3095 val_ap: 0.6744	test_loss: 0.3402 test_ap: 0.6522
train: {'epoch': 70, 'time_epoch': 7.70018, 'eta': 1006.59204, 'eta_hours': 0.27961, 'loss': 0.06533335, 'lr': 0.00077347, 'params': 741882, 'time_iter': 0.09059, 'accuracy': 0.986, 'ap': 0.97509, 'auc': 0.99721}
val: {'epoch': 70, 'time_epoch': 1.63776, 'loss': 0.33245225, 'lr': 0, 'params': 741882, 'time_iter': 0.0862, 'accuracy': 0.926, 'ap': 0.65949, 'auc': 0.89384}
test: {'epoch': 70, 'time_epoch': 1.66455, 'loss': 0.35784027, 'lr': 0, 'params': 741882, 'time_iter': 0.08761, 'accuracy': 0.92085, 'ap': 0.64312, 'auc': 0.88106}
> Epoch 70: took 11.1s (avg 11.2s) | Best so far: epoch 66	train_loss: 0.0673 train_ap: 0.9734	val_loss: 0.3095 val_ap: 0.6744	test_loss: 0.3402 test_ap: 0.6522
train: {'epoch': 71, 'time_epoch': 7.84429, 'eta': 998.86233, 'eta_hours': 0.27746, 'loss': 0.06535733, 'lr': 0.00076652, 'params': 741882, 'time_iter': 0.09229, 'accuracy': 0.9858, 'ap': 0.97458, 'auc': 0.99719}
val: {'epoch': 71, 'time_epoch': 1.62526, 'loss': 0.32231716, 'lr': 0, 'params': 741882, 'time_iter': 0.08554, 'accuracy': 0.92621, 'ap': 0.66953, 'auc': 0.89663}
test: {'epoch': 71, 'time_epoch': 1.48157, 'loss': 0.35105309, 'lr': 0, 'params': 741882, 'time_iter': 0.07798, 'accuracy': 0.92081, 'ap': 0.659, 'auc': 0.88646}
> Epoch 71: took 11.2s (avg 11.2s) | Best so far: epoch 66	train_loss: 0.0673 train_ap: 0.9734	val_loss: 0.3095 val_ap: 0.6744	test_loss: 0.3402 test_ap: 0.6522
train: {'epoch': 72, 'time_epoch': 7.98531, 'eta': 991.37482, 'eta_hours': 0.27538, 'loss': 0.06224133, 'lr': 0.00075948, 'params': 741882, 'time_iter': 0.09394, 'accuracy': 0.98684, 'ap': 0.97869, 'auc': 0.99763}
val: {'epoch': 72, 'time_epoch': 1.41289, 'loss': 0.33321561, 'lr': 0, 'params': 741882, 'time_iter': 0.07436, 'accuracy': 0.92076, 'ap': 0.64931, 'auc': 0.89651}
test: {'epoch': 72, 'time_epoch': 1.8625, 'loss': 0.35060498, 'lr': 0, 'params': 741882, 'time_iter': 0.09803, 'accuracy': 0.92154, 'ap': 0.6528, 'auc': 0.88882}
> Epoch 72: took 11.4s (avg 11.2s) | Best so far: epoch 66	train_loss: 0.0673 train_ap: 0.9734	val_loss: 0.3095 val_ap: 0.6744	test_loss: 0.3402 test_ap: 0.6522
train: {'epoch': 73, 'time_epoch': 7.69119, 'eta': 983.37306, 'eta_hours': 0.27316, 'loss': 0.0569994, 'lr': 0.00075238, 'params': 741882, 'time_iter': 0.09048, 'accuracy': 0.98901, 'ap': 0.98293, 'auc': 0.99829}
val: {'epoch': 73, 'time_epoch': 1.66182, 'loss': 0.34423127, 'lr': 0, 'params': 741882, 'time_iter': 0.08746, 'accuracy': 0.9239, 'ap': 0.65968, 'auc': 0.8933}
test: {'epoch': 73, 'time_epoch': 1.64982, 'loss': 0.36058106, 'lr': 0, 'params': 741882, 'time_iter': 0.08683, 'accuracy': 0.92158, 'ap': 0.65934, 'auc': 0.88789}
> Epoch 73: took 11.1s (avg 11.2s) | Best so far: epoch 66	train_loss: 0.0673 train_ap: 0.9734	val_loss: 0.3095 val_ap: 0.6744	test_loss: 0.3402 test_ap: 0.6522
train: {'epoch': 74, 'time_epoch': 7.77268, 'eta': 975.5154, 'eta_hours': 0.27098, 'loss': 0.05820212, 'lr': 0.00074521, 'params': 741882, 'time_iter': 0.09144, 'accuracy': 0.98857, 'ap': 0.98178, 'auc': 0.9981}
val: {'epoch': 74, 'time_epoch': 1.68048, 'loss': 0.34384603, 'lr': 0, 'params': 741882, 'time_iter': 0.08845, 'accuracy': 0.926, 'ap': 0.66224, 'auc': 0.89894}
test: {'epoch': 74, 'time_epoch': 1.67086, 'loss': 0.36747232, 'lr': 0, 'params': 741882, 'time_iter': 0.08794, 'accuracy': 0.92192, 'ap': 0.65642, 'auc': 0.88879}
> Epoch 74: took 11.2s (avg 11.2s) | Best so far: epoch 66	train_loss: 0.0673 train_ap: 0.9734	val_loss: 0.3095 val_ap: 0.6744	test_loss: 0.3402 test_ap: 0.6522
train: {'epoch': 75, 'time_epoch': 7.77225, 'eta': 967.65927, 'eta_hours': 0.26879, 'loss': 0.05814404, 'lr': 0.00073797, 'params': 741882, 'time_iter': 0.09144, 'accuracy': 0.9885, 'ap': 0.98232, 'auc': 0.99812}
val: {'epoch': 75, 'time_epoch': 1.65607, 'loss': 46104995138.33552, 'lr': 0, 'params': 741882, 'time_iter': 0.08716, 'accuracy': 0.92364, 'ap': 0.64818, 'auc': 0.89399}
test: {'epoch': 75, 'time_epoch': 1.65287, 'loss': 0.37044087, 'lr': 0, 'params': 741882, 'time_iter': 0.08699, 'accuracy': 0.91999, 'ap': 0.64344, 'auc': 0.88086}
> Epoch 75: took 11.2s (avg 11.2s) | Best so far: epoch 66	train_loss: 0.0673 train_ap: 0.9734	val_loss: 0.3095 val_ap: 0.6744	test_loss: 0.3402 test_ap: 0.6522
train: {'epoch': 76, 'time_epoch': 7.78963, 'eta': 959.83309, 'eta_hours': 0.26662, 'loss': 0.05908848, 'lr': 0.00073067, 'params': 741882, 'time_iter': 0.09164, 'accuracy': 0.98824, 'ap': 0.98219, 'auc': 0.99799}
val: {'epoch': 76, 'time_epoch': 1.6955, 'loss': 0.38936215, 'lr': 0, 'params': 741882, 'time_iter': 0.08924, 'accuracy': 0.92265, 'ap': 0.65422, 'auc': 0.898}
test: {'epoch': 76, 'time_epoch': 1.67165, 'loss': 0.3934496, 'lr': 0, 'params': 741882, 'time_iter': 0.08798, 'accuracy': 0.91759, 'ap': 0.63569, 'auc': 0.88507}
> Epoch 76: took 11.2s (avg 11.2s) | Best so far: epoch 66	train_loss: 0.0673 train_ap: 0.9734	val_loss: 0.3095 val_ap: 0.6744	test_loss: 0.3402 test_ap: 0.6522
train: {'epoch': 77, 'time_epoch': 7.7029, 'eta': 951.8722, 'eta_hours': 0.26441, 'loss': 0.05692862, 'lr': 0.0007233, 'params': 741882, 'time_iter': 0.09062, 'accuracy': 0.98898, 'ap': 0.98399, 'auc': 0.99828}
val: {'epoch': 77, 'time_epoch': 1.67683, 'loss': 53820.26849776, 'lr': 0, 'params': 741882, 'time_iter': 0.08825, 'accuracy': 0.92617, 'ap': 0.66205, 'auc': 0.89193}
test: {'epoch': 77, 'time_epoch': 1.67897, 'loss': 0.3786358, 'lr': 0, 'params': 741882, 'time_iter': 0.08837, 'accuracy': 0.92179, 'ap': 0.65635, 'auc': 0.88431}
> Epoch 77: took 11.1s (avg 11.2s) | Best so far: epoch 66	train_loss: 0.0673 train_ap: 0.9734	val_loss: 0.3095 val_ap: 0.6744	test_loss: 0.3402 test_ap: 0.6522
train: {'epoch': 78, 'time_epoch': 7.75187, 'eta': 943.99282, 'eta_hours': 0.26222, 'loss': 0.05507229, 'lr': 0.00071588, 'params': 741882, 'time_iter': 0.0912, 'accuracy': 0.98964, 'ap': 0.98439, 'auc': 0.99845}
val: {'epoch': 78, 'time_epoch': 1.65818, 'loss': 0.34532564, 'lr': 0, 'params': 741882, 'time_iter': 0.08727, 'accuracy': 0.92707, 'ap': 0.66966, 'auc': 0.89607}
test: {'epoch': 78, 'time_epoch': 1.68114, 'loss': 0.36662185, 'lr': 0, 'params': 741882, 'time_iter': 0.08848, 'accuracy': 0.92325, 'ap': 0.66473, 'auc': 0.89045}
> Epoch 78: took 11.2s (avg 11.2s) | Best so far: epoch 66	train_loss: 0.0673 train_ap: 0.9734	val_loss: 0.3095 val_ap: 0.6744	test_loss: 0.3402 test_ap: 0.6522
train: {'epoch': 79, 'time_epoch': 7.79126, 'eta': 936.17574, 'eta_hours': 0.26005, 'loss': 0.05382715, 'lr': 0.00070839, 'params': 741882, 'time_iter': 0.09166, 'accuracy': 0.98988, 'ap': 0.98558, 'auc': 0.99861}
val: {'epoch': 79, 'time_epoch': 1.67684, 'loss': 0.35121444, 'lr': 0, 'params': 741882, 'time_iter': 0.08825, 'accuracy': 0.92634, 'ap': 0.6728, 'auc': 0.89827}
test: {'epoch': 79, 'time_epoch': 1.65035, 'loss': 0.39433282, 'lr': 0, 'params': 741882, 'time_iter': 0.08686, 'accuracy': 0.92051, 'ap': 0.6515, 'auc': 0.8831}
> Epoch 79: took 11.2s (avg 11.2s) | Best so far: epoch 66	train_loss: 0.0673 train_ap: 0.9734	val_loss: 0.3095 val_ap: 0.6744	test_loss: 0.3402 test_ap: 0.6522
train: {'epoch': 80, 'time_epoch': 7.76757, 'eta': 928.32448, 'eta_hours': 0.25787, 'loss': 0.05517979, 'lr': 0.00070085, 'params': 741882, 'time_iter': 0.09138, 'accuracy': 0.98994, 'ap': 0.9848, 'auc': 0.99836}
val: {'epoch': 80, 'time_epoch': 1.66331, 'loss': 4962987.46771378, 'lr': 0, 'params': 741882, 'time_iter': 0.08754, 'accuracy': 0.9242, 'ap': 0.65841, 'auc': 0.89112}
test: {'epoch': 80, 'time_epoch': 1.67369, 'loss': 0.40427242, 'lr': 0, 'params': 741882, 'time_iter': 0.08809, 'accuracy': 0.91896, 'ap': 0.64726, 'auc': 0.88293}
> Epoch 80: took 11.2s (avg 11.2s) | Best so far: epoch 66	train_loss: 0.0673 train_ap: 0.9734	val_loss: 0.3095 val_ap: 0.6744	test_loss: 0.3402 test_ap: 0.6522
train: {'epoch': 81, 'time_epoch': 7.84752, 'eta': 920.59032, 'eta_hours': 0.25572, 'loss': 0.05340036, 'lr': 0.00069325, 'params': 741882, 'time_iter': 0.09232, 'accuracy': 0.99054, 'ap': 0.9867, 'auc': 0.99865}
val: {'epoch': 81, 'time_epoch': 1.7919, 'loss': 0.36845623, 'lr': 0, 'params': 741882, 'time_iter': 0.09431, 'accuracy': 0.92252, 'ap': 0.6572, 'auc': 0.89098}
test: {'epoch': 81, 'time_epoch': 1.67826, 'loss': 0.3946986, 'lr': 0, 'params': 741882, 'time_iter': 0.08833, 'accuracy': 0.91806, 'ap': 0.64303, 'auc': 0.88346}
> Epoch 81: took 11.6s (avg 11.2s) | Best so far: epoch 66	train_loss: 0.0673 train_ap: 0.9734	val_loss: 0.3095 val_ap: 0.6744	test_loss: 0.3402 test_ap: 0.6522
train: {'epoch': 82, 'time_epoch': 8.06185, 'eta': 913.15555, 'eta_hours': 0.25365, 'loss': 0.05599388, 'lr': 0.0006856, 'params': 741882, 'time_iter': 0.09485, 'accuracy': 0.98931, 'ap': 0.98467, 'auc': 0.99843}
val: {'epoch': 82, 'time_epoch': 1.66539, 'loss': 879584044.1739427, 'lr': 0, 'params': 741882, 'time_iter': 0.08765, 'accuracy': 0.92029, 'ap': 0.63419, 'auc': 0.88451}
test: {'epoch': 82, 'time_epoch': 1.679, 'loss': 0.37554431, 'lr': 0, 'params': 741882, 'time_iter': 0.08837, 'accuracy': 0.91931, 'ap': 0.64418, 'auc': 0.87786}
> Epoch 82: took 11.5s (avg 11.2s) | Best so far: epoch 66	train_loss: 0.0673 train_ap: 0.9734	val_loss: 0.3095 val_ap: 0.6744	test_loss: 0.3402 test_ap: 0.6522
train: {'epoch': 83, 'time_epoch': 7.8192, 'eta': 905.37076, 'eta_hours': 0.25149, 'loss': 0.06236526, 'lr': 0.0006779, 'params': 741882, 'time_iter': 0.09199, 'accuracy': 0.98687, 'ap': 0.98012, 'auc': 0.99772}
val: {'epoch': 83, 'time_epoch': 1.66712, 'loss': 12563.24365739, 'lr': 0, 'params': 741882, 'time_iter': 0.08774, 'accuracy': 0.92016, 'ap': 0.64813, 'auc': 0.88635}
test: {'epoch': 83, 'time_epoch': 1.67847, 'loss': 0.4148952, 'lr': 0, 'params': 741882, 'time_iter': 0.08834, 'accuracy': 0.91853, 'ap': 0.65442, 'auc': 0.87904}
> Epoch 83: took 11.2s (avg 11.2s) | Best so far: epoch 66	train_loss: 0.0673 train_ap: 0.9734	val_loss: 0.3095 val_ap: 0.6744	test_loss: 0.3402 test_ap: 0.6522
train: {'epoch': 84, 'time_epoch': 7.82939, 'eta': 897.59895, 'eta_hours': 0.24933, 'loss': 0.05892979, 'lr': 0.00067015, 'params': 741882, 'time_iter': 0.09211, 'accuracy': 0.98842, 'ap': 0.98307, 'auc': 0.99813}
val: {'epoch': 84, 'time_epoch': 1.77452, 'loss': 0.37354544, 'lr': 0, 'params': 741882, 'time_iter': 0.0934, 'accuracy': 0.92523, 'ap': 0.67541, 'auc': 0.89436}
test: {'epoch': 84, 'time_epoch': 1.65454, 'loss': 0.37855029, 'lr': 0, 'params': 741882, 'time_iter': 0.08708, 'accuracy': 0.92021, 'ap': 0.65772, 'auc': 0.8853}
> Epoch 84: took 11.5s (avg 11.2s) | Best so far: epoch 84	train_loss: 0.0589 train_ap: 0.9831	val_loss: 0.3735 val_ap: 0.6754	test_loss: 0.3786 test_ap: 0.6577
train: {'epoch': 85, 'time_epoch': 7.73696, 'eta': 889.70327, 'eta_hours': 0.24714, 'loss': 0.05313692, 'lr': 0.00066235, 'params': 741882, 'time_iter': 0.09102, 'accuracy': 0.99049, 'ap': 0.98625, 'auc': 0.99871}
val: {'epoch': 85, 'time_epoch': 1.65741, 'loss': 0.37260701, 'lr': 0, 'params': 741882, 'time_iter': 0.08723, 'accuracy': 0.92364, 'ap': 0.65932, 'auc': 0.8963}
test: {'epoch': 85, 'time_epoch': 1.66573, 'loss': 0.39380366, 'lr': 0, 'params': 741882, 'time_iter': 0.08767, 'accuracy': 0.92222, 'ap': 0.65284, 'auc': 0.88504}
> Epoch 85: took 11.1s (avg 11.2s) | Best so far: epoch 84	train_loss: 0.0589 train_ap: 0.9831	val_loss: 0.3735 val_ap: 0.6754	test_loss: 0.3786 test_ap: 0.6577
train: {'epoch': 86, 'time_epoch': 7.91663, 'eta': 882.0446, 'eta_hours': 0.24501, 'loss': 0.04939028, 'lr': 0.00065451, 'params': 741882, 'time_iter': 0.09314, 'accuracy': 0.99209, 'ap': 0.98983, 'auc': 0.99903}
val: {'epoch': 86, 'time_epoch': 1.68345, 'loss': 0.36509742, 'lr': 0, 'params': 741882, 'time_iter': 0.0886, 'accuracy': 0.92797, 'ap': 0.67114, 'auc': 0.89528}
test: {'epoch': 86, 'time_epoch': 1.69332, 'loss': 0.39146095, 'lr': 0, 'params': 741882, 'time_iter': 0.08912, 'accuracy': 0.92235, 'ap': 0.66179, 'auc': 0.88406}
> Epoch 86: took 11.6s (avg 11.2s) | Best so far: epoch 84	train_loss: 0.0589 train_ap: 0.9831	val_loss: 0.3735 val_ap: 0.6754	test_loss: 0.3786 test_ap: 0.6577
train: {'epoch': 87, 'time_epoch': 7.71854, 'eta': 874.12796, 'eta_hours': 0.24281, 'loss': 0.050367, 'lr': 0.00064663, 'params': 741882, 'time_iter': 0.09081, 'accuracy': 0.99135, 'ap': 0.98892, 'auc': 0.99899}
val: {'epoch': 87, 'time_epoch': 1.64721, 'loss': 0.36831375, 'lr': 0, 'params': 741882, 'time_iter': 0.0867, 'accuracy': 0.92724, 'ap': 0.68029, 'auc': 0.8933}
test: {'epoch': 87, 'time_epoch': 1.65777, 'loss': 0.39489885, 'lr': 0, 'params': 741882, 'time_iter': 0.08725, 'accuracy': 0.92239, 'ap': 0.66053, 'auc': 0.88543}
> Epoch 87: took 11.1s (avg 11.2s) | Best so far: epoch 87	train_loss: 0.0504 train_ap: 0.9889	val_loss: 0.3683 val_ap: 0.6803	test_loss: 0.3949 test_ap: 0.6605
train: {'epoch': 88, 'time_epoch': 7.74316, 'eta': 866.24648, 'eta_hours': 0.24062, 'loss': 0.04867244, 'lr': 0.0006387, 'params': 741882, 'time_iter': 0.0911, 'accuracy': 0.99226, 'ap': 0.99007, 'auc': 0.99909}
val: {'epoch': 88, 'time_epoch': 1.65395, 'loss': 5.16892211, 'lr': 0, 'params': 741882, 'time_iter': 0.08705, 'accuracy': 0.92647, 'ap': 0.67305, 'auc': 0.89263}
test: {'epoch': 88, 'time_epoch': 1.65718, 'loss': 0.40144037, 'lr': 0, 'params': 741882, 'time_iter': 0.08722, 'accuracy': 0.92162, 'ap': 0.653, 'auc': 0.88586}
> Epoch 88: took 11.1s (avg 11.2s) | Best so far: epoch 87	train_loss: 0.0504 train_ap: 0.9889	val_loss: 0.3683 val_ap: 0.6803	test_loss: 0.3949 test_ap: 0.6605
train: {'epoch': 89, 'time_epoch': 7.79026, 'eta': 858.42564, 'eta_hours': 0.23845, 'loss': 0.04833333, 'lr': 0.00063074, 'params': 741882, 'time_iter': 0.09165, 'accuracy': 0.9921, 'ap': 0.99039, 'auc': 0.99911}
val: {'epoch': 89, 'time_epoch': 1.59664, 'loss': 0.36204842, 'lr': 0, 'params': 741882, 'time_iter': 0.08403, 'accuracy': 0.92784, 'ap': 0.6809, 'auc': 0.89684}
test: {'epoch': 89, 'time_epoch': 1.55205, 'loss': 0.40216703, 'lr': 0, 'params': 741882, 'time_iter': 0.08169, 'accuracy': 0.92188, 'ap': 0.66595, 'auc': 0.88773}
> Epoch 89: took 11.2s (avg 11.2s) | Best so far: epoch 89	train_loss: 0.0483 train_ap: 0.9904	val_loss: 0.3620 val_ap: 0.6809	test_loss: 0.4022 test_ap: 0.6660
train: {'epoch': 90, 'time_epoch': 7.96302, 'eta': 850.8124, 'eta_hours': 0.23634, 'loss': 0.04902195, 'lr': 0.00062274, 'params': 741882, 'time_iter': 0.09368, 'accuracy': 0.99193, 'ap': 0.99006, 'auc': 0.99907}
val: {'epoch': 90, 'time_epoch': 1.68944, 'loss': 0.40468176, 'lr': 0, 'params': 741882, 'time_iter': 0.08892, 'accuracy': 0.9254, 'ap': 0.68446, 'auc': 0.89519}
test: {'epoch': 90, 'time_epoch': 1.68664, 'loss': 0.41024403, 'lr': 0, 'params': 741882, 'time_iter': 0.08877, 'accuracy': 0.92102, 'ap': 0.66151, 'auc': 0.88766}
> Epoch 90: took 11.4s (avg 11.2s) | Best so far: epoch 90	train_loss: 0.0490 train_ap: 0.9901	val_loss: 0.4047 val_ap: 0.6845	test_loss: 0.4102 test_ap: 0.6615
train: {'epoch': 91, 'time_epoch': 7.76109, 'eta': 842.9545, 'eta_hours': 0.23415, 'loss': 0.052046, 'lr': 0.00061471, 'params': 741882, 'time_iter': 0.09131, 'accuracy': 0.9908, 'ap': 0.9882, 'auc': 0.99886}
val: {'epoch': 91, 'time_epoch': 1.70761, 'loss': 0.39968107, 'lr': 0, 'params': 741882, 'time_iter': 0.08987, 'accuracy': 0.92312, 'ap': 0.6535, 'auc': 0.88582}
test: {'epoch': 91, 'time_epoch': 1.68398, 'loss': 0.41963439, 'lr': 0, 'params': 741882, 'time_iter': 0.08863, 'accuracy': 0.92115, 'ap': 0.63718, 'auc': 0.87781}
> Epoch 91: took 11.2s (avg 11.2s) | Best so far: epoch 90	train_loss: 0.0490 train_ap: 0.9901	val_loss: 0.4047 val_ap: 0.6845	test_loss: 0.4102 test_ap: 0.6615
train: {'epoch': 92, 'time_epoch': 7.75883, 'eta': 835.09609, 'eta_hours': 0.23197, 'loss': 0.04866529, 'lr': 0.00060665, 'params': 741882, 'time_iter': 0.09128, 'accuracy': 0.99221, 'ap': 0.99129, 'auc': 0.9991}
val: {'epoch': 92, 'time_epoch': 1.65611, 'loss': 0.38320405, 'lr': 0, 'params': 741882, 'time_iter': 0.08716, 'accuracy': 0.92454, 'ap': 0.66846, 'auc': 0.89202}
test: {'epoch': 92, 'time_epoch': 1.45375, 'loss': 0.41081593, 'lr': 0, 'params': 741882, 'time_iter': 0.07651, 'accuracy': 0.92269, 'ap': 0.65528, 'auc': 0.88483}
> Epoch 92: took 11.0s (avg 11.2s) | Best so far: epoch 90	train_loss: 0.0490 train_ap: 0.9901	val_loss: 0.4047 val_ap: 0.6845	test_loss: 0.4102 test_ap: 0.6615
train: {'epoch': 93, 'time_epoch': 7.83806, 'eta': 827.32914, 'eta_hours': 0.22981, 'loss': 0.04866356, 'lr': 0.00059856, 'params': 741882, 'time_iter': 0.09221, 'accuracy': 0.99215, 'ap': 0.98924, 'auc': 0.999}
val: {'epoch': 93, 'time_epoch': 1.63917, 'loss': 0.37534009, 'lr': 0, 'params': 741882, 'time_iter': 0.08627, 'accuracy': 0.92634, 'ap': 0.66964, 'auc': 0.89081}
test: {'epoch': 93, 'time_epoch': 1.65532, 'loss': 0.42347882, 'lr': 0, 'params': 741882, 'time_iter': 0.08712, 'accuracy': 0.92317, 'ap': 0.66053, 'auc': 0.88551}
> Epoch 93: took 11.2s (avg 11.2s) | Best so far: epoch 90	train_loss: 0.0490 train_ap: 0.9901	val_loss: 0.4047 val_ap: 0.6845	test_loss: 0.4102 test_ap: 0.6615
train: {'epoch': 94, 'time_epoch': 7.92695, 'eta': 819.65895, 'eta_hours': 0.22768, 'loss': 0.04889483, 'lr': 0.00059044, 'params': 741882, 'time_iter': 0.09326, 'accuracy': 0.99227, 'ap': 0.98936, 'auc': 0.99895}
val: {'epoch': 94, 'time_epoch': 1.67381, 'loss': 0.38215742, 'lr': 0, 'params': 741882, 'time_iter': 0.0881, 'accuracy': 0.9266, 'ap': 0.67712, 'auc': 0.89429}
test: {'epoch': 94, 'time_epoch': 1.68018, 'loss': 0.42922203, 'lr': 0, 'params': 741882, 'time_iter': 0.08843, 'accuracy': 0.92076, 'ap': 0.65288, 'auc': 0.88169}
> Epoch 94: took 11.5s (avg 11.2s) | Best so far: epoch 90	train_loss: 0.0490 train_ap: 0.9901	val_loss: 0.4047 val_ap: 0.6845	test_loss: 0.4102 test_ap: 0.6615
train: {'epoch': 95, 'time_epoch': 7.77005, 'eta': 811.81343, 'eta_hours': 0.2255, 'loss': 0.04552515, 'lr': 0.0005823, 'params': 741882, 'time_iter': 0.09141, 'accuracy': 0.99323, 'ap': 0.99217, 'auc': 0.9993}
val: {'epoch': 95, 'time_epoch': 1.65683, 'loss': 2.65709523, 'lr': 0, 'params': 741882, 'time_iter': 0.0872, 'accuracy': 0.92844, 'ap': 0.67345, 'auc': 0.89307}
test: {'epoch': 95, 'time_epoch': 1.65353, 'loss': 0.41737942, 'lr': 0, 'params': 741882, 'time_iter': 0.08703, 'accuracy': 0.92278, 'ap': 0.66053, 'auc': 0.88369}
> Epoch 95: took 11.2s (avg 11.2s) | Best so far: epoch 90	train_loss: 0.0490 train_ap: 0.9901	val_loss: 0.4047 val_ap: 0.6845	test_loss: 0.4102 test_ap: 0.6615
train: {'epoch': 96, 'time_epoch': 8.08929, 'eta': 804.30845, 'eta_hours': 0.22342, 'loss': 0.04742919, 'lr': 0.00057413, 'params': 741882, 'time_iter': 0.09517, 'accuracy': 0.99259, 'ap': 0.99189, 'auc': 0.99921}
val: {'epoch': 96, 'time_epoch': 1.64234, 'loss': 0.40570737, 'lr': 0, 'params': 741882, 'time_iter': 0.08644, 'accuracy': 0.92625, 'ap': 0.6738, 'auc': 0.89421}
test: {'epoch': 96, 'time_epoch': 1.67549, 'loss': 0.42587268, 'lr': 0, 'params': 741882, 'time_iter': 0.08818, 'accuracy': 0.92179, 'ap': 0.66666, 'auc': 0.8855}
> Epoch 96: took 11.5s (avg 11.2s) | Best so far: epoch 90	train_loss: 0.0490 train_ap: 0.9901	val_loss: 0.4047 val_ap: 0.6845	test_loss: 0.4102 test_ap: 0.6615
train: {'epoch': 97, 'time_epoch': 7.83333, 'eta': 796.52514, 'eta_hours': 0.22126, 'loss': 0.05015937, 'lr': 0.00056595, 'params': 741882, 'time_iter': 0.09216, 'accuracy': 0.99149, 'ap': 0.98977, 'auc': 0.9989}
val: {'epoch': 97, 'time_epoch': 1.68662, 'loss': 0.37734688, 'lr': 0, 'params': 741882, 'time_iter': 0.08877, 'accuracy': 0.92462, 'ap': 0.65849, 'auc': 0.89303}
test: {'epoch': 97, 'time_epoch': 1.64635, 'loss': 0.41659912, 'lr': 0, 'params': 741882, 'time_iter': 0.08665, 'accuracy': 0.92012, 'ap': 0.65551, 'auc': 0.88336}
> Epoch 97: took 11.2s (avg 11.2s) | Best so far: epoch 90	train_loss: 0.0490 train_ap: 0.9901	val_loss: 0.4047 val_ap: 0.6845	test_loss: 0.4102 test_ap: 0.6615
train: {'epoch': 98, 'time_epoch': 7.74698, 'eta': 788.65272, 'eta_hours': 0.21907, 'loss': 0.04656147, 'lr': 0.00055774, 'params': 741882, 'time_iter': 0.09114, 'accuracy': 0.99296, 'ap': 0.99293, 'auc': 0.99929}
val: {'epoch': 98, 'time_epoch': 1.64896, 'loss': 0.39280727, 'lr': 0, 'params': 741882, 'time_iter': 0.08679, 'accuracy': 0.92553, 'ap': 0.66359, 'auc': 0.89432}
test: {'epoch': 98, 'time_epoch': 1.67464, 'loss': 0.42784039, 'lr': 0, 'params': 741882, 'time_iter': 0.08814, 'accuracy': 0.92111, 'ap': 0.65452, 'auc': 0.88433}
> Epoch 98: took 11.2s (avg 11.2s) | Best so far: epoch 90	train_loss: 0.0490 train_ap: 0.9901	val_loss: 0.4047 val_ap: 0.6845	test_loss: 0.4102 test_ap: 0.6615
train: {'epoch': 99, 'time_epoch': 7.82892, 'eta': 780.86476, 'eta_hours': 0.21691, 'loss': 0.04615414, 'lr': 0.00054952, 'params': 741882, 'time_iter': 0.0921, 'accuracy': 0.99306, 'ap': 0.99236, 'auc': 0.99929}
val: {'epoch': 99, 'time_epoch': 1.47404, 'loss': 0.4099938, 'lr': 0, 'params': 741882, 'time_iter': 0.07758, 'accuracy': 0.92621, 'ap': 0.66169, 'auc': 0.89283}
test: {'epoch': 99, 'time_epoch': 1.655, 'loss': 0.43271548, 'lr': 0, 'params': 741882, 'time_iter': 0.08711, 'accuracy': 0.92128, 'ap': 0.65762, 'auc': 0.88364}
> Epoch 99: took 11.1s (avg 11.2s) | Best so far: epoch 90	train_loss: 0.0490 train_ap: 0.9901	val_loss: 0.4047 val_ap: 0.6845	test_loss: 0.4102 test_ap: 0.6615
train: {'epoch': 100, 'time_epoch': 8.00036, 'eta': 773.24403, 'eta_hours': 0.21479, 'loss': 0.0478033, 'lr': 0.00054129, 'params': 741882, 'time_iter': 0.09412, 'accuracy': 0.99245, 'ap': 0.99086, 'auc': 0.99916}
val: {'epoch': 100, 'time_epoch': 1.44167, 'loss': 0.40827635, 'lr': 0, 'params': 741882, 'time_iter': 0.07588, 'accuracy': 0.92381, 'ap': 0.66397, 'auc': 0.88942}
test: {'epoch': 100, 'time_epoch': 1.59134, 'loss': 0.52139723, 'lr': 0, 'params': 741882, 'time_iter': 0.08375, 'accuracy': 0.92175, 'ap': 0.65047, 'auc': 0.88306}
> Epoch 100: took 11.5s (avg 11.2s) | Best so far: epoch 90	train_loss: 0.0490 train_ap: 0.9901	val_loss: 0.4047 val_ap: 0.6845	test_loss: 0.4102 test_ap: 0.6615
train: {'epoch': 101, 'time_epoch': 7.77321, 'eta': 765.39762, 'eta_hours': 0.21261, 'loss': 0.04629633, 'lr': 0.00053305, 'params': 741882, 'time_iter': 0.09145, 'accuracy': 0.99323, 'ap': 0.99219, 'auc': 0.99926}
val: {'epoch': 101, 'time_epoch': 1.64307, 'loss': 55.60688441, 'lr': 0, 'params': 741882, 'time_iter': 0.08648, 'accuracy': 0.92445, 'ap': 0.66004, 'auc': 0.89085}
test: {'epoch': 101, 'time_epoch': 1.6728, 'loss': 0.44134212, 'lr': 0, 'params': 741882, 'time_iter': 0.08804, 'accuracy': 0.92132, 'ap': 0.65204, 'auc': 0.88126}
> Epoch 101: took 11.2s (avg 11.2s) | Best so far: epoch 90	train_loss: 0.0490 train_ap: 0.9901	val_loss: 0.4047 val_ap: 0.6845	test_loss: 0.4102 test_ap: 0.6615
train: {'epoch': 102, 'time_epoch': 7.70687, 'eta': 757.49015, 'eta_hours': 0.21041, 'loss': 0.04478438, 'lr': 0.00052479, 'params': 741882, 'time_iter': 0.09067, 'accuracy': 0.99381, 'ap': 0.9926, 'auc': 0.9993}
val: {'epoch': 102, 'time_epoch': 1.65612, 'loss': 0.47672626, 'lr': 0, 'params': 741882, 'time_iter': 0.08716, 'accuracy': 0.92617, 'ap': 0.66917, 'auc': 0.89006}
test: {'epoch': 102, 'time_epoch': 1.57561, 'loss': 0.44285756, 'lr': 0, 'params': 741882, 'time_iter': 0.08293, 'accuracy': 0.92102, 'ap': 0.65271, 'auc': 0.88365}
> Epoch 102: took 11.1s (avg 11.2s) | Best so far: epoch 90	train_loss: 0.0490 train_ap: 0.9901	val_loss: 0.4047 val_ap: 0.6845	test_loss: 0.4102 test_ap: 0.6615
train: {'epoch': 103, 'time_epoch': 7.72925, 'eta': 749.6072, 'eta_hours': 0.20822, 'loss': 0.04390516, 'lr': 0.00051653, 'params': 741882, 'time_iter': 0.09093, 'accuracy': 0.9939, 'ap': 0.99445, 'auc': 0.99948}
val: {'epoch': 103, 'time_epoch': 1.66449, 'loss': 0.40513713, 'lr': 0, 'params': 741882, 'time_iter': 0.0876, 'accuracy': 0.92716, 'ap': 0.67289, 'auc': 0.89449}
test: {'epoch': 103, 'time_epoch': 1.66768, 'loss': 0.43102098, 'lr': 0, 'params': 741882, 'time_iter': 0.08777, 'accuracy': 0.92261, 'ap': 0.65983, 'auc': 0.88638}
> Epoch 103: took 11.1s (avg 11.2s) | Best so far: epoch 90	train_loss: 0.0490 train_ap: 0.9901	val_loss: 0.4047 val_ap: 0.6845	test_loss: 0.4102 test_ap: 0.6615
train: {'epoch': 104, 'time_epoch': 7.89035, 'eta': 741.87293, 'eta_hours': 0.20608, 'loss': 0.0452711, 'lr': 0.00050827, 'params': 741882, 'time_iter': 0.09283, 'accuracy': 0.99341, 'ap': 0.99346, 'auc': 0.99931}
val: {'epoch': 104, 'time_epoch': 1.55608, 'loss': 0.40710542, 'lr': 0, 'params': 741882, 'time_iter': 0.0819, 'accuracy': 0.92557, 'ap': 0.66073, 'auc': 0.89119}
test: {'epoch': 104, 'time_epoch': 1.61135, 'loss': 0.43567954, 'lr': 0, 'params': 741882, 'time_iter': 0.08481, 'accuracy': 0.92016, 'ap': 0.65459, 'auc': 0.88606}
> Epoch 104: took 11.4s (avg 11.2s) | Best so far: epoch 90	train_loss: 0.0490 train_ap: 0.9901	val_loss: 0.4047 val_ap: 0.6845	test_loss: 0.4102 test_ap: 0.6615
train: {'epoch': 105, 'time_epoch': 7.91164, 'eta': 734.15459, 'eta_hours': 0.20393, 'loss': 0.04291625, 'lr': 0.0005, 'params': 741882, 'time_iter': 0.09308, 'accuracy': 0.99438, 'ap': 0.99381, 'auc': 0.99954}
val: {'epoch': 105, 'time_epoch': 1.68501, 'loss': 0.4116995, 'lr': 0, 'params': 741882, 'time_iter': 0.08868, 'accuracy': 0.92613, 'ap': 0.66244, 'auc': 0.89178}
test: {'epoch': 105, 'time_epoch': 1.67645, 'loss': 0.44459923, 'lr': 0, 'params': 741882, 'time_iter': 0.08823, 'accuracy': 0.92248, 'ap': 0.65403, 'auc': 0.88276}
> Epoch 105: took 11.4s (avg 11.2s) | Best so far: epoch 90	train_loss: 0.0490 train_ap: 0.9901	val_loss: 0.4047 val_ap: 0.6845	test_loss: 0.4102 test_ap: 0.6615
train: {'epoch': 106, 'time_epoch': 7.73931, 'eta': 726.28287, 'eta_hours': 0.20175, 'loss': 0.04408788, 'lr': 0.00049173, 'params': 741882, 'time_iter': 0.09105, 'accuracy': 0.99383, 'ap': 0.99366, 'auc': 0.99948}
val: {'epoch': 106, 'time_epoch': 1.66811, 'loss': 1081443.3462491, 'lr': 0, 'params': 741882, 'time_iter': 0.0878, 'accuracy': 0.92797, 'ap': 0.67134, 'auc': 0.89339}
test: {'epoch': 106, 'time_epoch': 1.6851, 'loss': 0.44831986, 'lr': 0, 'params': 741882, 'time_iter': 0.08869, 'accuracy': 0.92329, 'ap': 0.65325, 'auc': 0.88415}
> Epoch 106: took 11.2s (avg 11.2s) | Best so far: epoch 90	train_loss: 0.0490 train_ap: 0.9901	val_loss: 0.4047 val_ap: 0.6845	test_loss: 0.4102 test_ap: 0.6615
train: {'epoch': 107, 'time_epoch': 7.9912, 'eta': 718.62816, 'eta_hours': 0.19962, 'loss': 0.04366053, 'lr': 0.00048347, 'params': 741882, 'time_iter': 0.09401, 'accuracy': 0.99422, 'ap': 0.99386, 'auc': 0.99946}
val: {'epoch': 107, 'time_epoch': 1.67543, 'loss': 0.40354599, 'lr': 0, 'params': 741882, 'time_iter': 0.08818, 'accuracy': 0.92677, 'ap': 0.66758, 'auc': 0.89345}
test: {'epoch': 107, 'time_epoch': 1.67602, 'loss': 0.44503905, 'lr': 0, 'params': 741882, 'time_iter': 0.08821, 'accuracy': 0.92033, 'ap': 0.64744, 'auc': 0.88166}
> Epoch 107: took 11.4s (avg 11.2s) | Best so far: epoch 90	train_loss: 0.0490 train_ap: 0.9901	val_loss: 0.4047 val_ap: 0.6845	test_loss: 0.4102 test_ap: 0.6615
train: {'epoch': 108, 'time_epoch': 7.7209, 'eta': 710.74161, 'eta_hours': 0.19743, 'loss': 0.04428383, 'lr': 0.00047521, 'params': 741882, 'time_iter': 0.09083, 'accuracy': 0.99386, 'ap': 0.99334, 'auc': 0.99942}
val: {'epoch': 108, 'time_epoch': 1.66724, 'loss': 0.41358895, 'lr': 0, 'params': 741882, 'time_iter': 0.08775, 'accuracy': 0.9263, 'ap': 0.67463, 'auc': 0.89548}
test: {'epoch': 108, 'time_epoch': 1.60922, 'loss': 0.46126784, 'lr': 0, 'params': 741882, 'time_iter': 0.0847, 'accuracy': 0.92102, 'ap': 0.65523, 'auc': 0.88548}
> Epoch 108: took 11.2s (avg 11.2s) | Best so far: epoch 90	train_loss: 0.0490 train_ap: 0.9901	val_loss: 0.4047 val_ap: 0.6845	test_loss: 0.4102 test_ap: 0.6615
train: {'epoch': 109, 'time_epoch': 7.99583, 'eta': 703.08302, 'eta_hours': 0.1953, 'loss': 0.04374512, 'lr': 0.00046695, 'params': 741882, 'time_iter': 0.09407, 'accuracy': 0.99407, 'ap': 0.99426, 'auc': 0.99946}
val: {'epoch': 109, 'time_epoch': 1.648, 'loss': 0.41781449, 'lr': 0, 'params': 741882, 'time_iter': 0.08674, 'accuracy': 0.92711, 'ap': 0.67679, 'auc': 0.89346}
test: {'epoch': 109, 'time_epoch': 1.64479, 'loss': 0.45206719, 'lr': 0, 'params': 741882, 'time_iter': 0.08657, 'accuracy': 0.92227, 'ap': 0.65512, 'auc': 0.88394}
> Epoch 109: took 11.4s (avg 11.2s) | Best so far: epoch 90	train_loss: 0.0490 train_ap: 0.9901	val_loss: 0.4047 val_ap: 0.6845	test_loss: 0.4102 test_ap: 0.6615
train: {'epoch': 110, 'time_epoch': 7.75893, 'eta': 695.22841, 'eta_hours': 0.19312, 'loss': 0.04241237, 'lr': 0.00045871, 'params': 741882, 'time_iter': 0.09128, 'accuracy': 0.99441, 'ap': 0.99401, 'auc': 0.99953}
val: {'epoch': 110, 'time_epoch': 1.66849, 'loss': 0.42044513, 'lr': 0, 'params': 741882, 'time_iter': 0.08782, 'accuracy': 0.92617, 'ap': 0.66609, 'auc': 0.89399}
test: {'epoch': 110, 'time_epoch': 1.66072, 'loss': 0.45387635, 'lr': 0, 'params': 741882, 'time_iter': 0.08741, 'accuracy': 0.92171, 'ap': 0.65035, 'auc': 0.88082}
> Epoch 110: took 11.2s (avg 11.2s) | Best so far: epoch 90	train_loss: 0.0490 train_ap: 0.9901	val_loss: 0.4047 val_ap: 0.6845	test_loss: 0.4102 test_ap: 0.6615
train: {'epoch': 111, 'time_epoch': 7.88128, 'eta': 687.47164, 'eta_hours': 0.19096, 'loss': 0.04307883, 'lr': 0.00045048, 'params': 741882, 'time_iter': 0.09272, 'accuracy': 0.99421, 'ap': 0.995, 'auc': 0.99949}
val: {'epoch': 111, 'time_epoch': 1.53866, 'loss': 0.43311897, 'lr': 0, 'params': 741882, 'time_iter': 0.08098, 'accuracy': 0.92428, 'ap': 0.67203, 'auc': 0.89082}
test: {'epoch': 111, 'time_epoch': 1.45032, 'loss': 0.46562939, 'lr': 0, 'params': 741882, 'time_iter': 0.07633, 'accuracy': 0.92072, 'ap': 0.65382, 'auc': 0.88314}
> Epoch 111: took 11.3s (avg 11.2s) | Best so far: epoch 90	train_loss: 0.0490 train_ap: 0.9901	val_loss: 0.4047 val_ap: 0.6845	test_loss: 0.4102 test_ap: 0.6615
train: {'epoch': 112, 'time_epoch': 7.92439, 'eta': 679.74586, 'eta_hours': 0.18882, 'loss': 0.0430907, 'lr': 0.00044226, 'params': 741882, 'time_iter': 0.09323, 'accuracy': 0.99425, 'ap': 0.99449, 'auc': 0.9995}
val: {'epoch': 112, 'time_epoch': 1.66289, 'loss': 41.60838795, 'lr': 0, 'params': 741882, 'time_iter': 0.08752, 'accuracy': 0.9254, 'ap': 0.66711, 'auc': 0.888}
test: {'epoch': 112, 'time_epoch': 1.6637, 'loss': 0.44440074, 'lr': 0, 'params': 741882, 'time_iter': 0.08756, 'accuracy': 0.92209, 'ap': 0.65788, 'auc': 0.88062}
> Epoch 112: took 11.3s (avg 11.2s) | Best so far: epoch 90	train_loss: 0.0490 train_ap: 0.9901	val_loss: 0.4047 val_ap: 0.6845	test_loss: 0.4102 test_ap: 0.6615
train: {'epoch': 113, 'time_epoch': 7.75908, 'eta': 671.89188, 'eta_hours': 0.18664, 'loss': 0.04218677, 'lr': 0.00043405, 'params': 741882, 'time_iter': 0.09128, 'accuracy': 0.99458, 'ap': 0.99465, 'auc': 0.99956}
val: {'epoch': 113, 'time_epoch': 1.6655, 'loss': 0.42799481, 'lr': 0, 'params': 741882, 'time_iter': 0.08766, 'accuracy': 0.92544, 'ap': 0.66037, 'auc': 0.89292}
test: {'epoch': 113, 'time_epoch': 1.66284, 'loss': 0.46090345, 'lr': 0, 'params': 741882, 'time_iter': 0.08752, 'accuracy': 0.92145, 'ap': 0.65107, 'auc': 0.88346}
> Epoch 113: took 11.2s (avg 11.2s) | Best so far: epoch 90	train_loss: 0.0490 train_ap: 0.9901	val_loss: 0.4047 val_ap: 0.6845	test_loss: 0.4102 test_ap: 0.6615
train: {'epoch': 114, 'time_epoch': 7.75679, 'eta': 664.03786, 'eta_hours': 0.18445, 'loss': 0.04138883, 'lr': 0.00042587, 'params': 741882, 'time_iter': 0.09126, 'accuracy': 0.99486, 'ap': 0.99555, 'auc': 0.99964}
val: {'epoch': 114, 'time_epoch': 1.67035, 'loss': 0.43626572, 'lr': 0, 'params': 741882, 'time_iter': 0.08791, 'accuracy': 0.92381, 'ap': 0.66758, 'auc': 0.89124}
test: {'epoch': 114, 'time_epoch': 1.67056, 'loss': 0.46660413, 'lr': 0, 'params': 741882, 'time_iter': 0.08792, 'accuracy': 0.92124, 'ap': 0.65066, 'auc': 0.88149}
> Epoch 114: took 11.2s (avg 11.2s) | Best so far: epoch 90	train_loss: 0.0490 train_ap: 0.9901	val_loss: 0.4047 val_ap: 0.6845	test_loss: 0.4102 test_ap: 0.6615
train: {'epoch': 115, 'time_epoch': 8.03266, 'eta': 656.38529, 'eta_hours': 0.18233, 'loss': 0.04139692, 'lr': 0.0004177, 'params': 741882, 'time_iter': 0.0945, 'accuracy': 0.99492, 'ap': 0.99512, 'auc': 0.99961}
val: {'epoch': 115, 'time_epoch': 1.6578, 'loss': 1.25948096, 'lr': 0, 'params': 741882, 'time_iter': 0.08725, 'accuracy': 0.92578, 'ap': 0.66571, 'auc': 0.8933}
test: {'epoch': 115, 'time_epoch': 1.55695, 'loss': 0.45458731, 'lr': 0, 'params': 741882, 'time_iter': 0.08194, 'accuracy': 0.92227, 'ap': 0.65421, 'auc': 0.87973}
> Epoch 115: took 11.5s (avg 11.2s) | Best so far: epoch 90	train_loss: 0.0490 train_ap: 0.9901	val_loss: 0.4047 val_ap: 0.6845	test_loss: 0.4102 test_ap: 0.6615
train: {'epoch': 116, 'time_epoch': 7.7157, 'eta': 648.50136, 'eta_hours': 0.18014, 'loss': 0.04090516, 'lr': 0.00040956, 'params': 741882, 'time_iter': 0.09077, 'accuracy': 0.99507, 'ap': 0.99603, 'auc': 0.99962}
val: {'epoch': 116, 'time_epoch': 1.67661, 'loss': 71618470.79853338, 'lr': 0, 'params': 741882, 'time_iter': 0.08824, 'accuracy': 0.92814, 'ap': 0.67262, 'auc': 0.89346}
test: {'epoch': 116, 'time_epoch': 1.67036, 'loss': 0.45728403, 'lr': 0, 'params': 741882, 'time_iter': 0.08791, 'accuracy': 0.92377, 'ap': 0.65433, 'auc': 0.88392}
> Epoch 116: took 11.1s (avg 11.2s) | Best so far: epoch 90	train_loss: 0.0490 train_ap: 0.9901	val_loss: 0.4047 val_ap: 0.6845	test_loss: 0.4102 test_ap: 0.6615
train: {'epoch': 117, 'time_epoch': 7.7296, 'eta': 640.62995, 'eta_hours': 0.17795, 'loss': 0.04073072, 'lr': 0.00040144, 'params': 741882, 'time_iter': 0.09094, 'accuracy': 0.99511, 'ap': 0.99617, 'auc': 0.99965}
val: {'epoch': 117, 'time_epoch': 1.65224, 'loss': 0.42642554, 'lr': 0, 'params': 741882, 'time_iter': 0.08696, 'accuracy': 0.92625, 'ap': 0.66913, 'auc': 0.89462}
test: {'epoch': 117, 'time_epoch': 1.65525, 'loss': 0.46125541, 'lr': 0, 'params': 741882, 'time_iter': 0.08712, 'accuracy': 0.92295, 'ap': 0.64736, 'auc': 0.88184}
> Epoch 117: took 11.1s (avg 11.2s) | Best so far: epoch 90	train_loss: 0.0490 train_ap: 0.9901	val_loss: 0.4047 val_ap: 0.6845	test_loss: 0.4102 test_ap: 0.6615
train: {'epoch': 118, 'time_epoch': 7.72844, 'eta': 632.76013, 'eta_hours': 0.17577, 'loss': 0.04048826, 'lr': 0.00039335, 'params': 741882, 'time_iter': 0.09092, 'accuracy': 0.99524, 'ap': 0.99543, 'auc': 0.99967}
val: {'epoch': 118, 'time_epoch': 1.642, 'loss': 0.43642669, 'lr': 0, 'params': 741882, 'time_iter': 0.08642, 'accuracy': 0.92574, 'ap': 0.66429, 'auc': 0.88853}
test: {'epoch': 118, 'time_epoch': 1.62376, 'loss': 0.46391797, 'lr': 0, 'params': 741882, 'time_iter': 0.08546, 'accuracy': 0.92068, 'ap': 0.64657, 'auc': 0.88012}
> Epoch 118: took 11.1s (avg 11.2s) | Best so far: epoch 90	train_loss: 0.0490 train_ap: 0.9901	val_loss: 0.4047 val_ap: 0.6845	test_loss: 0.4102 test_ap: 0.6615
train: {'epoch': 119, 'time_epoch': 7.92057, 'eta': 625.02075, 'eta_hours': 0.17362, 'loss': 0.04040547, 'lr': 0.00038529, 'params': 741882, 'time_iter': 0.09318, 'accuracy': 0.99522, 'ap': 0.9963, 'auc': 0.99968}
val: {'epoch': 119, 'time_epoch': 1.3485, 'loss': 16379.53388839, 'lr': 0, 'params': 741882, 'time_iter': 0.07097, 'accuracy': 0.92587, 'ap': 0.666, 'auc': 0.89125}
test: {'epoch': 119, 'time_epoch': 1.56571, 'loss': 0.46483437, 'lr': 0, 'params': 741882, 'time_iter': 0.08241, 'accuracy': 0.92171, 'ap': 0.65144, 'auc': 0.88176}
> Epoch 119: took 11.1s (avg 11.2s) | Best so far: epoch 90	train_loss: 0.0490 train_ap: 0.9901	val_loss: 0.4047 val_ap: 0.6845	test_loss: 0.4102 test_ap: 0.6615
train: {'epoch': 120, 'time_epoch': 8.10436, 'eta': 617.39838, 'eta_hours': 0.1715, 'loss': 0.03999109, 'lr': 0.00037726, 'params': 741882, 'time_iter': 0.09535, 'accuracy': 0.99544, 'ap': 0.99578, 'auc': 0.99969}
val: {'epoch': 120, 'time_epoch': 1.58598, 'loss': 0.44577463, 'lr': 0, 'params': 741882, 'time_iter': 0.08347, 'accuracy': 0.92553, 'ap': 0.66513, 'auc': 0.89228}
test: {'epoch': 120, 'time_epoch': 1.65443, 'loss': 0.48031868, 'lr': 0, 'params': 741882, 'time_iter': 0.08708, 'accuracy': 0.92209, 'ap': 0.64998, 'auc': 0.87825}
> Epoch 120: took 11.5s (avg 11.2s) | Best so far: epoch 90	train_loss: 0.0490 train_ap: 0.9901	val_loss: 0.4047 val_ap: 0.6845	test_loss: 0.4102 test_ap: 0.6615
train: {'epoch': 121, 'time_epoch': 7.91357, 'eta': 609.64612, 'eta_hours': 0.16935, 'loss': 0.0409498, 'lr': 0.00036926, 'params': 741882, 'time_iter': 0.0931, 'accuracy': 0.99512, 'ap': 0.9952, 'auc': 0.99961}
val: {'epoch': 121, 'time_epoch': 1.67285, 'loss': 0.43967519, 'lr': 0, 'params': 741882, 'time_iter': 0.08804, 'accuracy': 0.9269, 'ap': 0.66543, 'auc': 0.88722}
test: {'epoch': 121, 'time_epoch': 1.68605, 'loss': 0.47637568, 'lr': 0, 'params': 741882, 'time_iter': 0.08874, 'accuracy': 0.92162, 'ap': 0.65485, 'auc': 0.87981}
> Epoch 121: took 11.3s (avg 11.2s) | Best so far: epoch 90	train_loss: 0.0490 train_ap: 0.9901	val_loss: 0.4047 val_ap: 0.6845	test_loss: 0.4102 test_ap: 0.6615
train: {'epoch': 122, 'time_epoch': 7.75572, 'eta': 601.79242, 'eta_hours': 0.16716, 'loss': 0.03935328, 'lr': 0.0003613, 'params': 741882, 'time_iter': 0.09124, 'accuracy': 0.99584, 'ap': 0.99627, 'auc': 0.99971}
val: {'epoch': 122, 'time_epoch': 1.67325, 'loss': 0.44395253, 'lr': 0, 'params': 741882, 'time_iter': 0.08807, 'accuracy': 0.92643, 'ap': 0.66903, 'auc': 0.8937}
test: {'epoch': 122, 'time_epoch': 1.6691, 'loss': 0.47750082, 'lr': 0, 'params': 741882, 'time_iter': 0.08785, 'accuracy': 0.92166, 'ap': 0.65201, 'auc': 0.88384}
> Epoch 122: took 11.2s (avg 11.2s) | Best so far: epoch 90	train_loss: 0.0490 train_ap: 0.9901	val_loss: 0.4047 val_ap: 0.6845	test_loss: 0.4102 test_ap: 0.6615
train: {'epoch': 123, 'time_epoch': 7.77195, 'eta': 593.95025, 'eta_hours': 0.16499, 'loss': 0.03942141, 'lr': 0.00035337, 'params': 741882, 'time_iter': 0.09143, 'accuracy': 0.99552, 'ap': 0.99626, 'auc': 0.99972}
val: {'epoch': 123, 'time_epoch': 1.63793, 'loss': 0.44763794, 'lr': 0, 'params': 741882, 'time_iter': 0.08621, 'accuracy': 0.92677, 'ap': 0.66448, 'auc': 0.88934}
test: {'epoch': 123, 'time_epoch': 1.6697, 'loss': 0.4789334, 'lr': 0, 'params': 741882, 'time_iter': 0.08788, 'accuracy': 0.92295, 'ap': 0.65136, 'auc': 0.8799}
> Epoch 123: took 11.2s (avg 11.2s) | Best so far: epoch 90	train_loss: 0.0490 train_ap: 0.9901	val_loss: 0.4047 val_ap: 0.6845	test_loss: 0.4102 test_ap: 0.6615
train: {'epoch': 124, 'time_epoch': 8.04025, 'eta': 586.27019, 'eta_hours': 0.16285, 'loss': 0.03924014, 'lr': 0.00034549, 'params': 741882, 'time_iter': 0.09459, 'accuracy': 0.99566, 'ap': 0.99662, 'auc': 0.99972}
val: {'epoch': 124, 'time_epoch': 1.67413, 'loss': 0.44230501, 'lr': 0, 'params': 741882, 'time_iter': 0.08811, 'accuracy': 0.92677, 'ap': 0.66707, 'auc': 0.894}
test: {'epoch': 124, 'time_epoch': 1.66705, 'loss': 0.47193731, 'lr': 0, 'params': 741882, 'time_iter': 0.08774, 'accuracy': 0.92308, 'ap': 0.65716, 'auc': 0.88229}
> Epoch 124: took 11.5s (avg 11.2s) | Best so far: epoch 90	train_loss: 0.0490 train_ap: 0.9901	val_loss: 0.4047 val_ap: 0.6845	test_loss: 0.4102 test_ap: 0.6615
train: {'epoch': 125, 'time_epoch': 7.79943, 'eta': 578.44297, 'eta_hours': 0.16068, 'loss': 0.03953912, 'lr': 0.00033765, 'params': 741882, 'time_iter': 0.09176, 'accuracy': 0.9957, 'ap': 0.9958, 'auc': 0.99965}
val: {'epoch': 125, 'time_epoch': 1.65635, 'loss': 0.44201025, 'lr': 0, 'params': 741882, 'time_iter': 0.08718, 'accuracy': 0.92664, 'ap': 0.66821, 'auc': 0.8944}
test: {'epoch': 125, 'time_epoch': 1.66115, 'loss': 0.47043267, 'lr': 0, 'params': 741882, 'time_iter': 0.08743, 'accuracy': 0.92317, 'ap': 0.65731, 'auc': 0.88158}
> Epoch 125: took 11.2s (avg 11.2s) | Best so far: epoch 90	train_loss: 0.0490 train_ap: 0.9901	val_loss: 0.4047 val_ap: 0.6845	test_loss: 0.4102 test_ap: 0.6615
train: {'epoch': 126, 'time_epoch': 7.78506, 'eta': 570.60793, 'eta_hours': 0.1585, 'loss': 0.03916, 'lr': 0.00032985, 'params': 741882, 'time_iter': 0.09159, 'accuracy': 0.9956, 'ap': 0.9966, 'auc': 0.99972}
val: {'epoch': 126, 'time_epoch': 1.63946, 'loss': 0.43557957, 'lr': 0, 'params': 741882, 'time_iter': 0.08629, 'accuracy': 0.92934, 'ap': 0.67378, 'auc': 0.89495}
test: {'epoch': 126, 'time_epoch': 1.66558, 'loss': 0.47117942, 'lr': 0, 'params': 741882, 'time_iter': 0.08766, 'accuracy': 0.92188, 'ap': 0.65624, 'auc': 0.88606}
> Epoch 126: took 11.2s (avg 11.2s) | Best so far: epoch 90	train_loss: 0.0490 train_ap: 0.9901	val_loss: 0.4047 val_ap: 0.6845	test_loss: 0.4102 test_ap: 0.6615
train: {'epoch': 127, 'time_epoch': 7.88081, 'eta': 562.82754, 'eta_hours': 0.15634, 'loss': 0.03819716, 'lr': 0.0003221, 'params': 741882, 'time_iter': 0.09272, 'accuracy': 0.99585, 'ap': 0.99731, 'auc': 0.9998}
val: {'epoch': 127, 'time_epoch': 1.69183, 'loss': 596732.51272651, 'lr': 0, 'params': 741882, 'time_iter': 0.08904, 'accuracy': 0.92548, 'ap': 0.66032, 'auc': 0.8881}
test: {'epoch': 127, 'time_epoch': 1.66477, 'loss': 0.47502977, 'lr': 0, 'params': 741882, 'time_iter': 0.08762, 'accuracy': 0.92248, 'ap': 0.65137, 'auc': 0.88201}
> Epoch 127: took 11.3s (avg 11.2s) | Best so far: epoch 90	train_loss: 0.0490 train_ap: 0.9901	val_loss: 0.4047 val_ap: 0.6845	test_loss: 0.4102 test_ap: 0.6615
train: {'epoch': 128, 'time_epoch': 7.78551, 'eta': 554.99313, 'eta_hours': 0.15416, 'loss': 0.03952858, 'lr': 0.0003144, 'params': 741882, 'time_iter': 0.09159, 'accuracy': 0.99559, 'ap': 0.99635, 'auc': 0.99971}
val: {'epoch': 128, 'time_epoch': 1.56225, 'loss': 0.44701759, 'lr': 0, 'params': 741882, 'time_iter': 0.08222, 'accuracy': 0.92763, 'ap': 0.66784, 'auc': 0.89216}
test: {'epoch': 128, 'time_epoch': 1.6176, 'loss': 0.48513111, 'lr': 0, 'params': 741882, 'time_iter': 0.08514, 'accuracy': 0.92136, 'ap': 0.64551, 'auc': 0.87921}
> Epoch 128: took 11.3s (avg 11.2s) | Best so far: epoch 90	train_loss: 0.0490 train_ap: 0.9901	val_loss: 0.4047 val_ap: 0.6845	test_loss: 0.4102 test_ap: 0.6615
train: {'epoch': 129, 'time_epoch': 7.9358, 'eta': 547.2404, 'eta_hours': 0.15201, 'loss': 0.03949267, 'lr': 0.00030675, 'params': 741882, 'time_iter': 0.09336, 'accuracy': 0.99553, 'ap': 0.99632, 'auc': 0.99971}
val: {'epoch': 129, 'time_epoch': 1.67342, 'loss': 0.52761786, 'lr': 0, 'params': 741882, 'time_iter': 0.08807, 'accuracy': 0.9269, 'ap': 0.6665, 'auc': 0.89369}
test: {'epoch': 129, 'time_epoch': 1.65723, 'loss': 0.46960789, 'lr': 0, 'params': 741882, 'time_iter': 0.08722, 'accuracy': 0.92201, 'ap': 0.65227, 'auc': 0.87861}
> Epoch 129: took 11.4s (avg 11.2s) | Best so far: epoch 90	train_loss: 0.0490 train_ap: 0.9901	val_loss: 0.4047 val_ap: 0.6845	test_loss: 0.4102 test_ap: 0.6615
train: {'epoch': 130, 'time_epoch': 7.71725, 'eta': 539.36975, 'eta_hours': 0.14982, 'loss': 0.03895098, 'lr': 0.00029915, 'params': 741882, 'time_iter': 0.09079, 'accuracy': 0.99583, 'ap': 0.99655, 'auc': 0.99973}
val: {'epoch': 130, 'time_epoch': 1.65817, 'loss': 0.44120005, 'lr': 0, 'params': 741882, 'time_iter': 0.08727, 'accuracy': 0.92793, 'ap': 0.669, 'auc': 0.89244}
test: {'epoch': 130, 'time_epoch': 1.63506, 'loss': 0.47456002, 'lr': 0, 'params': 741882, 'time_iter': 0.08606, 'accuracy': 0.92196, 'ap': 0.64513, 'auc': 0.88172}
> Epoch 130: took 11.1s (avg 11.2s) | Best so far: epoch 90	train_loss: 0.0490 train_ap: 0.9901	val_loss: 0.4047 val_ap: 0.6845	test_loss: 0.4102 test_ap: 0.6615
train: {'epoch': 131, 'time_epoch': 7.84232, 'eta': 531.56587, 'eta_hours': 0.14766, 'loss': 0.03868746, 'lr': 0.00029161, 'params': 741882, 'time_iter': 0.09226, 'accuracy': 0.99571, 'ap': 0.99664, 'auc': 0.99976}
val: {'epoch': 131, 'time_epoch': 1.57297, 'loss': 1070157.08847007, 'lr': 0, 'params': 741882, 'time_iter': 0.08279, 'accuracy': 0.92814, 'ap': 0.6694, 'auc': 0.89361}
test: {'epoch': 131, 'time_epoch': 1.66088, 'loss': 0.48436026, 'lr': 0, 'params': 741882, 'time_iter': 0.08741, 'accuracy': 0.92209, 'ap': 0.65078, 'auc': 0.87899}
> Epoch 131: took 11.3s (avg 11.2s) | Best so far: epoch 90	train_loss: 0.0490 train_ap: 0.9901	val_loss: 0.4047 val_ap: 0.6845	test_loss: 0.4102 test_ap: 0.6615
train: {'epoch': 132, 'time_epoch': 7.8702, 'eta': 523.77545, 'eta_hours': 0.14549, 'loss': 0.03886891, 'lr': 0.00028412, 'params': 741882, 'time_iter': 0.09259, 'accuracy': 0.99574, 'ap': 0.99698, 'auc': 0.99974}
val: {'epoch': 132, 'time_epoch': 1.67029, 'loss': 114283784.44411683, 'lr': 0, 'params': 741882, 'time_iter': 0.08791, 'accuracy': 0.92849, 'ap': 0.66593, 'auc': 0.8943}
test: {'epoch': 132, 'time_epoch': 1.66145, 'loss': 0.4866942, 'lr': 0, 'params': 741882, 'time_iter': 0.08744, 'accuracy': 0.92411, 'ap': 0.64518, 'auc': 0.88237}
> Epoch 132: took 11.3s (avg 11.2s) | Best so far: epoch 90	train_loss: 0.0490 train_ap: 0.9901	val_loss: 0.4047 val_ap: 0.6845	test_loss: 0.4102 test_ap: 0.6615
train: {'epoch': 133, 'time_epoch': 7.81168, 'eta': 515.95502, 'eta_hours': 0.14332, 'loss': 0.03775817, 'lr': 0.0002767, 'params': 741882, 'time_iter': 0.0919, 'accuracy': 0.99625, 'ap': 0.99744, 'auc': 0.9998}
val: {'epoch': 133, 'time_epoch': 1.64241, 'loss': 8721.11404362, 'lr': 0, 'params': 741882, 'time_iter': 0.08644, 'accuracy': 0.92741, 'ap': 0.66883, 'auc': 0.89126}
test: {'epoch': 133, 'time_epoch': 1.44605, 'loss': 0.46683127, 'lr': 0, 'params': 741882, 'time_iter': 0.07611, 'accuracy': 0.92235, 'ap': 0.65571, 'auc': 0.88236}
> Epoch 133: took 11.1s (avg 11.2s) | Best so far: epoch 90	train_loss: 0.0490 train_ap: 0.9901	val_loss: 0.4047 val_ap: 0.6845	test_loss: 0.4102 test_ap: 0.6615
train: {'epoch': 134, 'time_epoch': 7.8492, 'eta': 508.15278, 'eta_hours': 0.14115, 'loss': 0.03764083, 'lr': 0.00026933, 'params': 741882, 'time_iter': 0.09234, 'accuracy': 0.99619, 'ap': 0.99717, 'auc': 0.99979}
val: {'epoch': 134, 'time_epoch': 1.66763, 'loss': 0.44785584, 'lr': 0, 'params': 741882, 'time_iter': 0.08777, 'accuracy': 0.92793, 'ap': 0.6715, 'auc': 0.89101}
test: {'epoch': 134, 'time_epoch': 1.63785, 'loss': 0.48105689, 'lr': 0, 'params': 741882, 'time_iter': 0.0862, 'accuracy': 0.92287, 'ap': 0.654, 'auc': 0.88098}
> Epoch 134: took 11.2s (avg 11.2s) | Best so far: epoch 90	train_loss: 0.0490 train_ap: 0.9901	val_loss: 0.4047 val_ap: 0.6845	test_loss: 0.4102 test_ap: 0.6615
train: {'epoch': 135, 'time_epoch': 7.72135, 'eta': 500.28969, 'eta_hours': 0.13897, 'loss': 0.0369719, 'lr': 0.00026203, 'params': 741882, 'time_iter': 0.09084, 'accuracy': 0.99658, 'ap': 0.99724, 'auc': 0.9998}
val: {'epoch': 135, 'time_epoch': 1.64241, 'loss': 0.44104748, 'lr': 0, 'params': 741882, 'time_iter': 0.08644, 'accuracy': 0.92728, 'ap': 0.67289, 'auc': 0.89495}
test: {'epoch': 135, 'time_epoch': 1.64314, 'loss': 0.48750796, 'lr': 0, 'params': 741882, 'time_iter': 0.08648, 'accuracy': 0.92235, 'ap': 0.6537, 'auc': 0.88154}
> Epoch 135: took 11.1s (avg 11.2s) | Best so far: epoch 90	train_loss: 0.0490 train_ap: 0.9901	val_loss: 0.4047 val_ap: 0.6845	test_loss: 0.4102 test_ap: 0.6615
train: {'epoch': 136, 'time_epoch': 7.72161, 'eta': 492.42878, 'eta_hours': 0.13679, 'loss': 0.03718551, 'lr': 0.00025479, 'params': 741882, 'time_iter': 0.09084, 'accuracy': 0.99628, 'ap': 0.99729, 'auc': 0.99981}
val: {'epoch': 136, 'time_epoch': 1.65893, 'loss': 0.45191925, 'lr': 0, 'params': 741882, 'time_iter': 0.08731, 'accuracy': 0.9278, 'ap': 0.66949, 'auc': 0.89408}
test: {'epoch': 136, 'time_epoch': 1.66653, 'loss': 0.4883256, 'lr': 0, 'params': 741882, 'time_iter': 0.08771, 'accuracy': 0.92239, 'ap': 0.64943, 'auc': 0.88097}
> Epoch 136: took 11.1s (avg 11.2s) | Best so far: epoch 90	train_loss: 0.0490 train_ap: 0.9901	val_loss: 0.4047 val_ap: 0.6845	test_loss: 0.4102 test_ap: 0.6615
train: {'epoch': 137, 'time_epoch': 7.81902, 'eta': 484.61366, 'eta_hours': 0.13461, 'loss': 0.03735019, 'lr': 0.00024762, 'params': 741882, 'time_iter': 0.09199, 'accuracy': 0.99622, 'ap': 0.9971, 'auc': 0.9998}
val: {'epoch': 137, 'time_epoch': 1.64486, 'loss': 3365215514.905027, 'lr': 0, 'params': 741882, 'time_iter': 0.08657, 'accuracy': 0.92741, 'ap': 0.66708, 'auc': 0.89346}
test: {'epoch': 137, 'time_epoch': 1.51505, 'loss': 0.51489612, 'lr': 0, 'params': 741882, 'time_iter': 0.07974, 'accuracy': 0.92119, 'ap': 0.64927, 'auc': 0.8801}
> Epoch 137: took 11.3s (avg 11.2s) | Best so far: epoch 90	train_loss: 0.0490 train_ap: 0.9901	val_loss: 0.4047 val_ap: 0.6845	test_loss: 0.4102 test_ap: 0.6615
train: {'epoch': 138, 'time_epoch': 7.86388, 'eta': 476.81817, 'eta_hours': 0.13245, 'loss': 0.03632638, 'lr': 0.00024052, 'params': 741882, 'time_iter': 0.09252, 'accuracy': 0.99672, 'ap': 0.99769, 'auc': 0.99985}
val: {'epoch': 138, 'time_epoch': 1.65697, 'loss': 0.45677281, 'lr': 0, 'params': 741882, 'time_iter': 0.08721, 'accuracy': 0.92806, 'ap': 0.66948, 'auc': 0.89059}
test: {'epoch': 138, 'time_epoch': 1.65201, 'loss': 0.55628749, 'lr': 0, 'params': 741882, 'time_iter': 0.08695, 'accuracy': 0.92184, 'ap': 0.64854, 'auc': 0.88088}
> Epoch 138: took 11.4s (avg 11.2s) | Best so far: epoch 90	train_loss: 0.0490 train_ap: 0.9901	val_loss: 0.4047 val_ap: 0.6845	test_loss: 0.4102 test_ap: 0.6615
train: {'epoch': 139, 'time_epoch': 7.86821, 'eta': 469.02356, 'eta_hours': 0.13028, 'loss': 0.03618479, 'lr': 0.00023348, 'params': 741882, 'time_iter': 0.09257, 'accuracy': 0.99676, 'ap': 0.99798, 'auc': 0.99987}
val: {'epoch': 139, 'time_epoch': 1.68281, 'loss': 0.45550781, 'lr': 0, 'params': 741882, 'time_iter': 0.08857, 'accuracy': 0.92664, 'ap': 0.67391, 'auc': 0.89155}
test: {'epoch': 139, 'time_epoch': 1.82427, 'loss': 0.49461312, 'lr': 0, 'params': 741882, 'time_iter': 0.09601, 'accuracy': 0.92257, 'ap': 0.65449, 'auc': 0.88368}
> Epoch 139: took 11.6s (avg 11.2s) | Best so far: epoch 90	train_loss: 0.0490 train_ap: 0.9901	val_loss: 0.4047 val_ap: 0.6845	test_loss: 0.4102 test_ap: 0.6615
train: {'epoch': 140, 'time_epoch': 7.72798, 'eta': 461.16922, 'eta_hours': 0.1281, 'loss': 0.03682473, 'lr': 0.00022653, 'params': 741882, 'time_iter': 0.09092, 'accuracy': 0.99636, 'ap': 0.99714, 'auc': 0.99983}
val: {'epoch': 140, 'time_epoch': 1.65675, 'loss': 0.45964619, 'lr': 0, 'params': 741882, 'time_iter': 0.0872, 'accuracy': 0.92621, 'ap': 0.6659, 'auc': 0.89193}
test: {'epoch': 140, 'time_epoch': 1.64918, 'loss': 0.56236573, 'lr': 0, 'params': 741882, 'time_iter': 0.0868, 'accuracy': 0.92124, 'ap': 0.64724, 'auc': 0.88235}
> Epoch 140: took 11.1s (avg 11.2s) | Best so far: epoch 90	train_loss: 0.0490 train_ap: 0.9901	val_loss: 0.4047 val_ap: 0.6845	test_loss: 0.4102 test_ap: 0.6615
train: {'epoch': 141, 'time_epoch': 8.03175, 'eta': 453.44075, 'eta_hours': 0.12596, 'loss': 0.03724716, 'lr': 0.00021964, 'params': 741882, 'time_iter': 0.09449, 'accuracy': 0.99644, 'ap': 0.99705, 'auc': 0.99976}
val: {'epoch': 141, 'time_epoch': 1.44838, 'loss': 0.46758274, 'lr': 0, 'params': 741882, 'time_iter': 0.07623, 'accuracy': 0.92874, 'ap': 0.67236, 'auc': 0.88637}
test: {'epoch': 141, 'time_epoch': 1.48498, 'loss': 0.63275794, 'lr': 0, 'params': 741882, 'time_iter': 0.07816, 'accuracy': 0.92265, 'ap': 0.65319, 'auc': 0.87763}
> Epoch 141: took 11.2s (avg 11.2s) | Best so far: epoch 90	train_loss: 0.0490 train_ap: 0.9901	val_loss: 0.4047 val_ap: 0.6845	test_loss: 0.4102 test_ap: 0.6615
train: {'epoch': 142, 'time_epoch': 7.97187, 'eta': 445.68416, 'eta_hours': 0.1238, 'loss': 0.03611921, 'lr': 0.00021284, 'params': 741882, 'time_iter': 0.09379, 'accuracy': 0.99671, 'ap': 0.99798, 'auc': 0.99986}
val: {'epoch': 142, 'time_epoch': 1.68056, 'loss': 0.45699132, 'lr': 0, 'params': 741882, 'time_iter': 0.08845, 'accuracy': 0.9275, 'ap': 0.67021, 'auc': 0.88982}
test: {'epoch': 142, 'time_epoch': 1.48165, 'loss': 0.9662626, 'lr': 0, 'params': 741882, 'time_iter': 0.07798, 'accuracy': 0.92184, 'ap': 0.65121, 'auc': 0.8793}
> Epoch 142: took 11.4s (avg 11.2s) | Best so far: epoch 90	train_loss: 0.0490 train_ap: 0.9901	val_loss: 0.4047 val_ap: 0.6845	test_loss: 0.4102 test_ap: 0.6615
train: {'epoch': 143, 'time_epoch': 7.79616, 'eta': 437.85624, 'eta_hours': 0.12163, 'loss': 0.03608138, 'lr': 0.00020611, 'params': 741882, 'time_iter': 0.09172, 'accuracy': 0.99667, 'ap': 0.99816, 'auc': 0.99986}
val: {'epoch': 143, 'time_epoch': 1.69877, 'loss': 1.54844486, 'lr': 0, 'params': 741882, 'time_iter': 0.08941, 'accuracy': 0.9263, 'ap': 0.66972, 'auc': 0.88829}
test: {'epoch': 143, 'time_epoch': 1.67108, 'loss': 1.12311418, 'lr': 0, 'params': 741882, 'time_iter': 0.08795, 'accuracy': 0.92231, 'ap': 0.65522, 'auc': 0.87794}
> Epoch 143: took 11.2s (avg 11.2s) | Best so far: epoch 90	train_loss: 0.0490 train_ap: 0.9901	val_loss: 0.4047 val_ap: 0.6845	test_loss: 0.4102 test_ap: 0.6615
train: {'epoch': 144, 'time_epoch': 7.7406, 'eta': 430.0077, 'eta_hours': 0.11945, 'loss': 0.03568188, 'lr': 0.00019946, 'params': 741882, 'time_iter': 0.09107, 'accuracy': 0.99677, 'ap': 0.99773, 'auc': 0.99987}
val: {'epoch': 144, 'time_epoch': 1.62719, 'loss': 0.45494316, 'lr': 0, 'params': 741882, 'time_iter': 0.08564, 'accuracy': 0.92733, 'ap': 0.67145, 'auc': 0.8903}
test: {'epoch': 144, 'time_epoch': 1.65199, 'loss': 0.7571231, 'lr': 0, 'params': 741882, 'time_iter': 0.08695, 'accuracy': 0.92274, 'ap': 0.65097, 'auc': 0.88052}
> Epoch 144: took 11.1s (avg 11.2s) | Best so far: epoch 90	train_loss: 0.0490 train_ap: 0.9901	val_loss: 0.4047 val_ap: 0.6845	test_loss: 0.4102 test_ap: 0.6615
train: {'epoch': 145, 'time_epoch': 7.74369, 'eta': 422.16177, 'eta_hours': 0.11727, 'loss': 0.03600942, 'lr': 0.00019289, 'params': 741882, 'time_iter': 0.0911, 'accuracy': 0.99676, 'ap': 0.99797, 'auc': 0.99986}
val: {'epoch': 145, 'time_epoch': 1.65512, 'loss': 28204.77213305, 'lr': 0, 'params': 741882, 'time_iter': 0.08711, 'accuracy': 0.9275, 'ap': 0.66959, 'auc': 0.88946}
test: {'epoch': 145, 'time_epoch': 1.65051, 'loss': 0.90074888, 'lr': 0, 'params': 741882, 'time_iter': 0.08687, 'accuracy': 0.92269, 'ap': 0.65252, 'auc': 0.8793}
> Epoch 145: took 11.1s (avg 11.2s) | Best so far: epoch 90	train_loss: 0.0490 train_ap: 0.9901	val_loss: 0.4047 val_ap: 0.6845	test_loss: 0.4102 test_ap: 0.6615
train: {'epoch': 146, 'time_epoch': 7.78388, 'eta': 414.33173, 'eta_hours': 0.11509, 'loss': 0.0360374, 'lr': 0.00018641, 'params': 741882, 'time_iter': 0.09158, 'accuracy': 0.99667, 'ap': 0.99738, 'auc': 0.99985}
val: {'epoch': 146, 'time_epoch': 1.61941, 'loss': 0.46707289, 'lr': 0, 'params': 741882, 'time_iter': 0.08523, 'accuracy': 0.92771, 'ap': 0.67076, 'auc': 0.88742}
test: {'epoch': 146, 'time_epoch': 1.53227, 'loss': 0.62429667, 'lr': 0, 'params': 741882, 'time_iter': 0.08065, 'accuracy': 0.92325, 'ap': 0.65275, 'auc': 0.88156}
> Epoch 146: took 11.1s (avg 11.2s) | Best so far: epoch 90	train_loss: 0.0490 train_ap: 0.9901	val_loss: 0.4047 val_ap: 0.6845	test_loss: 0.4102 test_ap: 0.6615
train: {'epoch': 147, 'time_epoch': 8.05251, 'eta': 406.59669, 'eta_hours': 0.11294, 'loss': 0.0354256, 'lr': 0.00018002, 'params': 741882, 'time_iter': 0.09474, 'accuracy': 0.99702, 'ap': 0.99812, 'auc': 0.99988}
val: {'epoch': 147, 'time_epoch': 1.67647, 'loss': 43465.15593765, 'lr': 0, 'params': 741882, 'time_iter': 0.08824, 'accuracy': 0.92771, 'ap': 0.67115, 'auc': 0.89005}
test: {'epoch': 147, 'time_epoch': 1.67691, 'loss': 0.64758396, 'lr': 0, 'params': 741882, 'time_iter': 0.08826, 'accuracy': 0.92188, 'ap': 0.64955, 'auc': 0.87885}
> Epoch 147: took 11.5s (avg 11.2s) | Best so far: epoch 90	train_loss: 0.0490 train_ap: 0.9901	val_loss: 0.4047 val_ap: 0.6845	test_loss: 0.4102 test_ap: 0.6615
train: {'epoch': 148, 'time_epoch': 7.75681, 'eta': 398.75618, 'eta_hours': 0.11077, 'loss': 0.0352675, 'lr': 0.00017371, 'params': 741882, 'time_iter': 0.09126, 'accuracy': 0.99714, 'ap': 0.99815, 'auc': 0.99989}
val: {'epoch': 148, 'time_epoch': 1.64538, 'loss': 0.45325676, 'lr': 0, 'params': 741882, 'time_iter': 0.0866, 'accuracy': 0.9281, 'ap': 0.66876, 'auc': 0.89075}
test: {'epoch': 148, 'time_epoch': 1.63555, 'loss': 0.7103525, 'lr': 0, 'params': 741882, 'time_iter': 0.08608, 'accuracy': 0.92308, 'ap': 0.65424, 'auc': 0.88083}
> Epoch 148: took 11.1s (avg 11.2s) | Best so far: epoch 90	train_loss: 0.0490 train_ap: 0.9901	val_loss: 0.4047 val_ap: 0.6845	test_loss: 0.4102 test_ap: 0.6615
train: {'epoch': 149, 'time_epoch': 7.70729, 'eta': 390.90028, 'eta_hours': 0.10858, 'loss': 0.03526189, 'lr': 0.00016749, 'params': 741882, 'time_iter': 0.09067, 'accuracy': 0.99695, 'ap': 0.99815, 'auc': 0.99989}
val: {'epoch': 149, 'time_epoch': 1.63362, 'loss': 0.46755517, 'lr': 0, 'params': 741882, 'time_iter': 0.08598, 'accuracy': 0.92694, 'ap': 0.66766, 'auc': 0.88927}
test: {'epoch': 149, 'time_epoch': 1.64569, 'loss': 1.10598768, 'lr': 0, 'params': 741882, 'time_iter': 0.08662, 'accuracy': 0.92269, 'ap': 0.65142, 'auc': 0.87958}
> Epoch 149: took 11.1s (avg 11.2s) | Best so far: epoch 90	train_loss: 0.0490 train_ap: 0.9901	val_loss: 0.4047 val_ap: 0.6845	test_loss: 0.4102 test_ap: 0.6615
train: {'epoch': 150, 'time_epoch': 7.71677, 'eta': 383.04942, 'eta_hours': 0.1064, 'loss': 0.03520505, 'lr': 0.00016136, 'params': 741882, 'time_iter': 0.09079, 'accuracy': 0.9971, 'ap': 0.99798, 'auc': 0.99989}
val: {'epoch': 150, 'time_epoch': 1.65543, 'loss': 0.46586282, 'lr': 0, 'params': 741882, 'time_iter': 0.08713, 'accuracy': 0.92857, 'ap': 0.66762, 'auc': 0.88874}
test: {'epoch': 150, 'time_epoch': 1.65326, 'loss': 0.94209436, 'lr': 0, 'params': 741882, 'time_iter': 0.08701, 'accuracy': 0.92287, 'ap': 0.65237, 'auc': 0.8798}
> Epoch 150: took 11.1s (avg 11.2s) | Best so far: epoch 90	train_loss: 0.0490 train_ap: 0.9901	val_loss: 0.4047 val_ap: 0.6845	test_loss: 0.4102 test_ap: 0.6615
train: {'epoch': 151, 'time_epoch': 7.75695, 'eta': 375.21302, 'eta_hours': 0.10423, 'loss': 0.03506013, 'lr': 0.00015532, 'params': 741882, 'time_iter': 0.09126, 'accuracy': 0.99713, 'ap': 0.99815, 'auc': 0.99989}
val: {'epoch': 151, 'time_epoch': 1.54837, 'loss': 276298764.3046248, 'lr': 0, 'params': 741882, 'time_iter': 0.08149, 'accuracy': 0.92861, 'ap': 0.67209, 'auc': 0.89023}
test: {'epoch': 151, 'time_epoch': 1.6905, 'loss': 0.65874333, 'lr': 0, 'params': 741882, 'time_iter': 0.08897, 'accuracy': 0.92227, 'ap': 0.65145, 'auc': 0.88168}
> Epoch 151: took 11.1s (avg 11.2s) | Best so far: epoch 90	train_loss: 0.0490 train_ap: 0.9901	val_loss: 0.4047 val_ap: 0.6845	test_loss: 0.4102 test_ap: 0.6615
train: {'epoch': 152, 'time_epoch': 7.82701, 'eta': 367.39917, 'eta_hours': 0.10206, 'loss': 0.03489858, 'lr': 0.00014938, 'params': 741882, 'time_iter': 0.09208, 'accuracy': 0.99731, 'ap': 0.99797, 'auc': 0.99989}
val: {'epoch': 152, 'time_epoch': 1.66597, 'loss': 0.46994134, 'lr': 0, 'params': 741882, 'time_iter': 0.08768, 'accuracy': 0.92763, 'ap': 0.67029, 'auc': 0.88954}
test: {'epoch': 152, 'time_epoch': 1.65543, 'loss': 0.83594189, 'lr': 0, 'params': 741882, 'time_iter': 0.08713, 'accuracy': 0.92184, 'ap': 0.64938, 'auc': 0.87992}
> Epoch 152: took 11.5s (avg 11.2s) | Best so far: epoch 90	train_loss: 0.0490 train_ap: 0.9901	val_loss: 0.4047 val_ap: 0.6845	test_loss: 0.4102 test_ap: 0.6615
train: {'epoch': 153, 'time_epoch': 7.7418, 'eta': 359.55971, 'eta_hours': 0.09988, 'loss': 0.03504068, 'lr': 0.00014354, 'params': 741882, 'time_iter': 0.09108, 'accuracy': 0.99724, 'ap': 0.99816, 'auc': 0.99988}
val: {'epoch': 153, 'time_epoch': 1.6738, 'loss': 90008936135.67839, 'lr': 0, 'params': 741882, 'time_iter': 0.08809, 'accuracy': 0.92754, 'ap': 0.66881, 'auc': 0.88988}
test: {'epoch': 153, 'time_epoch': 1.66149, 'loss': 1.59994016, 'lr': 0, 'params': 741882, 'time_iter': 0.08745, 'accuracy': 0.92282, 'ap': 0.65403, 'auc': 0.8799}
> Epoch 153: took 11.2s (avg 11.2s) | Best so far: epoch 90	train_loss: 0.0490 train_ap: 0.9901	val_loss: 0.4047 val_ap: 0.6845	test_loss: 0.4102 test_ap: 0.6615
train: {'epoch': 154, 'time_epoch': 7.75053, 'eta': 351.72403, 'eta_hours': 0.0977, 'loss': 0.03457926, 'lr': 0.00013779, 'params': 741882, 'time_iter': 0.09118, 'accuracy': 0.99731, 'ap': 0.99845, 'auc': 0.99991}
val: {'epoch': 154, 'time_epoch': 1.66724, 'loss': 0.47208993, 'lr': 0, 'params': 741882, 'time_iter': 0.08775, 'accuracy': 0.9275, 'ap': 0.67036, 'auc': 0.88847}
test: {'epoch': 154, 'time_epoch': 1.6601, 'loss': 1.35718634, 'lr': 0, 'params': 741882, 'time_iter': 0.08737, 'accuracy': 0.92196, 'ap': 0.65237, 'auc': 0.87882}
> Epoch 154: took 11.2s (avg 11.2s) | Best so far: epoch 90	train_loss: 0.0490 train_ap: 0.9901	val_loss: 0.4047 val_ap: 0.6845	test_loss: 0.4102 test_ap: 0.6615
train: {'epoch': 155, 'time_epoch': 8.13558, 'eta': 343.99806, 'eta_hours': 0.09556, 'loss': 0.03450891, 'lr': 0.00013214, 'params': 741882, 'time_iter': 0.09571, 'accuracy': 0.9972, 'ap': 0.99824, 'auc': 0.99991}
val: {'epoch': 155, 'time_epoch': 1.44648, 'loss': 0.85163658, 'lr': 0, 'params': 741882, 'time_iter': 0.07613, 'accuracy': 0.92724, 'ap': 0.6697, 'auc': 0.88812}
test: {'epoch': 155, 'time_epoch': 1.56253, 'loss': 0.87078312, 'lr': 0, 'params': 741882, 'time_iter': 0.08224, 'accuracy': 0.92244, 'ap': 0.64997, 'auc': 0.8791}
> Epoch 155: took 11.4s (avg 11.2s) | Best so far: epoch 90	train_loss: 0.0490 train_ap: 0.9901	val_loss: 0.4047 val_ap: 0.6845	test_loss: 0.4102 test_ap: 0.6615
train: {'epoch': 156, 'time_epoch': 7.97664, 'eta': 336.22333, 'eta_hours': 0.0934, 'loss': 0.03455156, 'lr': 0.00012659, 'params': 741882, 'time_iter': 0.09384, 'accuracy': 0.99729, 'ap': 0.99841, 'auc': 0.99991}
val: {'epoch': 156, 'time_epoch': 1.74621, 'loss': 0.46664815, 'lr': 0, 'params': 741882, 'time_iter': 0.09191, 'accuracy': 0.92746, 'ap': 0.67147, 'auc': 0.89009}
test: {'epoch': 156, 'time_epoch': 1.65917, 'loss': 0.67502117, 'lr': 0, 'params': 741882, 'time_iter': 0.08732, 'accuracy': 0.92329, 'ap': 0.65582, 'auc': 0.87982}
> Epoch 156: took 11.5s (avg 11.2s) | Best so far: epoch 90	train_loss: 0.0490 train_ap: 0.9901	val_loss: 0.4047 val_ap: 0.6845	test_loss: 0.4102 test_ap: 0.6615
train: {'epoch': 157, 'time_epoch': 7.76169, 'eta': 328.38891, 'eta_hours': 0.09122, 'loss': 0.03467717, 'lr': 0.00012114, 'params': 741882, 'time_iter': 0.09131, 'accuracy': 0.99728, 'ap': 0.99824, 'auc': 0.9999}
val: {'epoch': 157, 'time_epoch': 1.6549, 'loss': 0.4757661, 'lr': 0, 'params': 741882, 'time_iter': 0.0871, 'accuracy': 0.92638, 'ap': 0.66783, 'auc': 0.88661}
test: {'epoch': 157, 'time_epoch': 1.66554, 'loss': 1.89658328, 'lr': 0, 'params': 741882, 'time_iter': 0.08766, 'accuracy': 0.92351, 'ap': 0.6507, 'auc': 0.87889}
> Epoch 157: took 11.2s (avg 11.2s) | Best so far: epoch 90	train_loss: 0.0490 train_ap: 0.9901	val_loss: 0.4047 val_ap: 0.6845	test_loss: 0.4102 test_ap: 0.6615
train: {'epoch': 158, 'time_epoch': 7.75441, 'eta': 320.55353, 'eta_hours': 0.08904, 'loss': 0.03436696, 'lr': 0.0001158, 'params': 741882, 'time_iter': 0.09123, 'accuracy': 0.99729, 'ap': 0.99854, 'auc': 0.99992}
val: {'epoch': 158, 'time_epoch': 1.65876, 'loss': 0.47114759, 'lr': 0, 'params': 741882, 'time_iter': 0.0873, 'accuracy': 0.92754, 'ap': 0.67452, 'auc': 0.88907}
test: {'epoch': 158, 'time_epoch': 1.65839, 'loss': 1.21242836, 'lr': 0, 'params': 741882, 'time_iter': 0.08728, 'accuracy': 0.92261, 'ap': 0.65462, 'auc': 0.87924}
> Epoch 158: took 11.1s (avg 11.2s) | Best so far: epoch 90	train_loss: 0.0490 train_ap: 0.9901	val_loss: 0.4047 val_ap: 0.6845	test_loss: 0.4102 test_ap: 0.6615
train: {'epoch': 159, 'time_epoch': 7.88749, 'eta': 312.75243, 'eta_hours': 0.08688, 'loss': 0.03461258, 'lr': 0.00011056, 'params': 741882, 'time_iter': 0.09279, 'accuracy': 0.99734, 'ap': 0.9984, 'auc': 0.99991}
val: {'epoch': 159, 'time_epoch': 1.45606, 'loss': 0.47194484, 'lr': 0, 'params': 741882, 'time_iter': 0.07663, 'accuracy': 0.92849, 'ap': 0.67183, 'auc': 0.88976}
test: {'epoch': 159, 'time_epoch': 1.8051, 'loss': 1.61984872, 'lr': 0, 'params': 741882, 'time_iter': 0.09501, 'accuracy': 0.9236, 'ap': 0.65222, 'auc': 0.87924}
> Epoch 159: took 11.5s (avg 11.2s) | Best so far: epoch 90	train_loss: 0.0490 train_ap: 0.9901	val_loss: 0.4047 val_ap: 0.6845	test_loss: 0.4102 test_ap: 0.6615
train: {'epoch': 160, 'time_epoch': 7.74008, 'eta': 304.91454, 'eta_hours': 0.0847, 'loss': 0.03424023, 'lr': 0.00010543, 'params': 741882, 'time_iter': 0.09106, 'accuracy': 0.99737, 'ap': 0.99864, 'auc': 0.99992}
val: {'epoch': 160, 'time_epoch': 1.65679, 'loss': 0.47954764, 'lr': 0, 'params': 741882, 'time_iter': 0.0872, 'accuracy': 0.9281, 'ap': 0.67236, 'auc': 0.88748}
test: {'epoch': 160, 'time_epoch': 1.67088, 'loss': 0.8493216, 'lr': 0, 'params': 741882, 'time_iter': 0.08794, 'accuracy': 0.92398, 'ap': 0.65252, 'auc': 0.87777}
> Epoch 160: took 11.1s (avg 11.2s) | Best so far: epoch 90	train_loss: 0.0490 train_ap: 0.9901	val_loss: 0.4047 val_ap: 0.6845	test_loss: 0.4102 test_ap: 0.6615
train: {'epoch': 161, 'time_epoch': 7.95152, 'eta': 297.12747, 'eta_hours': 0.08254, 'loss': 0.03403505, 'lr': 0.00010041, 'params': 741882, 'time_iter': 0.09355, 'accuracy': 0.99742, 'ap': 0.9984, 'auc': 0.99992}
val: {'epoch': 161, 'time_epoch': 1.66935, 'loss': 0.47789105, 'lr': 0, 'params': 741882, 'time_iter': 0.08786, 'accuracy': 0.9278, 'ap': 0.67066, 'auc': 0.88714}
test: {'epoch': 161, 'time_epoch': 1.67814, 'loss': 0.89623045, 'lr': 0, 'params': 741882, 'time_iter': 0.08832, 'accuracy': 0.92355, 'ap': 0.65184, 'auc': 0.87775}
> Epoch 161: took 11.4s (avg 11.2s) | Best so far: epoch 90	train_loss: 0.0490 train_ap: 0.9901	val_loss: 0.4047 val_ap: 0.6845	test_loss: 0.4102 test_ap: 0.6615
train: {'epoch': 162, 'time_epoch': 7.81847, 'eta': 289.30817, 'eta_hours': 0.08036, 'loss': 0.03453563, 'lr': 9.549e-05, 'params': 741882, 'time_iter': 0.09198, 'accuracy': 0.99719, 'ap': 0.99841, 'auc': 0.99991}
val: {'epoch': 162, 'time_epoch': 1.66012, 'loss': 0.4778054, 'lr': 0, 'params': 741882, 'time_iter': 0.08737, 'accuracy': 0.92686, 'ap': 0.66935, 'auc': 0.88721}
test: {'epoch': 162, 'time_epoch': 1.6708, 'loss': 1.60635459, 'lr': 0, 'params': 741882, 'time_iter': 0.08794, 'accuracy': 0.92338, 'ap': 0.65406, 'auc': 0.87799}
> Epoch 162: took 11.2s (avg 11.2s) | Best so far: epoch 90	train_loss: 0.0490 train_ap: 0.9901	val_loss: 0.4047 val_ap: 0.6845	test_loss: 0.4102 test_ap: 0.6615
train: {'epoch': 163, 'time_epoch': 7.77373, 'eta': 281.47906, 'eta_hours': 0.07819, 'loss': 0.03446781, 'lr': 9.069e-05, 'params': 741882, 'time_iter': 0.09146, 'accuracy': 0.99741, 'ap': 0.99821, 'auc': 0.99991}
val: {'epoch': 163, 'time_epoch': 1.68229, 'loss': 0.47174108, 'lr': 0, 'params': 741882, 'time_iter': 0.08854, 'accuracy': 0.92758, 'ap': 0.66931, 'auc': 0.89084}
test: {'epoch': 163, 'time_epoch': 1.66724, 'loss': 1.39430277, 'lr': 0, 'params': 741882, 'time_iter': 0.08775, 'accuracy': 0.92278, 'ap': 0.6547, 'auc': 0.88046}
> Epoch 163: took 11.2s (avg 11.2s) | Best so far: epoch 90	train_loss: 0.0490 train_ap: 0.9901	val_loss: 0.4047 val_ap: 0.6845	test_loss: 0.4102 test_ap: 0.6615
train: {'epoch': 164, 'time_epoch': 7.75823, 'eta': 273.64734, 'eta_hours': 0.07601, 'loss': 0.03441188, 'lr': 8.6e-05, 'params': 741882, 'time_iter': 0.09127, 'accuracy': 0.99739, 'ap': 0.99849, 'auc': 0.99991}
val: {'epoch': 164, 'time_epoch': 1.63785, 'loss': 0.47531956, 'lr': 0, 'params': 741882, 'time_iter': 0.0862, 'accuracy': 0.92741, 'ap': 0.66819, 'auc': 0.89059}
test: {'epoch': 164, 'time_epoch': 1.66299, 'loss': 1.24327191, 'lr': 0, 'params': 741882, 'time_iter': 0.08753, 'accuracy': 0.92278, 'ap': 0.65312, 'auc': 0.88031}
> Epoch 164: took 11.1s (avg 11.2s) | Best so far: epoch 90	train_loss: 0.0490 train_ap: 0.9901	val_loss: 0.4047 val_ap: 0.6845	test_loss: 0.4102 test_ap: 0.6615
train: {'epoch': 165, 'time_epoch': 7.77524, 'eta': 265.81998, 'eta_hours': 0.07384, 'loss': 0.03408974, 'lr': 8.142e-05, 'params': 741882, 'time_iter': 0.09147, 'accuracy': 0.9975, 'ap': 0.99866, 'auc': 0.99992}
val: {'epoch': 165, 'time_epoch': 1.61362, 'loss': 0.50353381, 'lr': 0, 'params': 741882, 'time_iter': 0.08493, 'accuracy': 0.92707, 'ap': 0.66998, 'auc': 0.88872}
test: {'epoch': 165, 'time_epoch': 1.62897, 'loss': 0.70655156, 'lr': 0, 'params': 741882, 'time_iter': 0.08574, 'accuracy': 0.92287, 'ap': 0.65411, 'auc': 0.87844}
> Epoch 165: took 11.3s (avg 11.2s) | Best so far: epoch 90	train_loss: 0.0490 train_ap: 0.9901	val_loss: 0.4047 val_ap: 0.6845	test_loss: 0.4102 test_ap: 0.6615
train: {'epoch': 166, 'time_epoch': 7.94078, 'eta': 258.02596, 'eta_hours': 0.07167, 'loss': 0.0340012, 'lr': 7.695e-05, 'params': 741882, 'time_iter': 0.09342, 'accuracy': 0.99741, 'ap': 0.9985, 'auc': 0.99992}
val: {'epoch': 166, 'time_epoch': 1.65005, 'loss': 0.48320295, 'lr': 0, 'params': 741882, 'time_iter': 0.08684, 'accuracy': 0.92668, 'ap': 0.66894, 'auc': 0.8883}
test: {'epoch': 166, 'time_epoch': 1.66423, 'loss': 1.06250626, 'lr': 0, 'params': 741882, 'time_iter': 0.08759, 'accuracy': 0.92342, 'ap': 0.6526, 'auc': 0.87862}
> Epoch 166: took 11.3s (avg 11.2s) | Best so far: epoch 90	train_loss: 0.0490 train_ap: 0.9901	val_loss: 0.4047 val_ap: 0.6845	test_loss: 0.4102 test_ap: 0.6615
train: {'epoch': 167, 'time_epoch': 7.79076, 'eta': 250.20162, 'eta_hours': 0.0695, 'loss': 0.0338004, 'lr': 7.26e-05, 'params': 741882, 'time_iter': 0.09166, 'accuracy': 0.9976, 'ap': 0.99886, 'auc': 0.99993}
val: {'epoch': 167, 'time_epoch': 1.65922, 'loss': 5.1207716, 'lr': 0, 'params': 741882, 'time_iter': 0.08733, 'accuracy': 0.92823, 'ap': 0.66866, 'auc': 0.88901}
test: {'epoch': 167, 'time_epoch': 1.66438, 'loss': 0.89136788, 'lr': 0, 'params': 741882, 'time_iter': 0.0876, 'accuracy': 0.92381, 'ap': 0.65658, 'auc': 0.88015}
> Epoch 167: took 11.2s (avg 11.2s) | Best so far: epoch 90	train_loss: 0.0490 train_ap: 0.9901	val_loss: 0.4047 val_ap: 0.6845	test_loss: 0.4102 test_ap: 0.6615
train: {'epoch': 168, 'time_epoch': 7.77262, 'eta': 242.37435, 'eta_hours': 0.06733, 'loss': 0.03366544, 'lr': 6.837e-05, 'params': 741882, 'time_iter': 0.09144, 'accuracy': 0.99755, 'ap': 0.99852, 'auc': 0.99993}
val: {'epoch': 168, 'time_epoch': 1.64272, 'loss': 0.47625872, 'lr': 0, 'params': 741882, 'time_iter': 0.08646, 'accuracy': 0.9287, 'ap': 0.67135, 'auc': 0.88852}
test: {'epoch': 168, 'time_epoch': 1.68083, 'loss': 1.21477616, 'lr': 0, 'params': 741882, 'time_iter': 0.08846, 'accuracy': 0.92381, 'ap': 0.65621, 'auc': 0.87984}
> Epoch 168: took 11.2s (avg 11.2s) | Best so far: epoch 90	train_loss: 0.0490 train_ap: 0.9901	val_loss: 0.4047 val_ap: 0.6845	test_loss: 0.4102 test_ap: 0.6615
train: {'epoch': 169, 'time_epoch': 7.77107, 'eta': 234.54745, 'eta_hours': 0.06515, 'loss': 0.03335873, 'lr': 6.426e-05, 'params': 741882, 'time_iter': 0.09142, 'accuracy': 0.99769, 'ap': 0.99878, 'auc': 0.99994}
val: {'epoch': 169, 'time_epoch': 1.65617, 'loss': 0.47505809, 'lr': 0, 'params': 741882, 'time_iter': 0.08717, 'accuracy': 0.92853, 'ap': 0.67224, 'auc': 0.88808}
test: {'epoch': 169, 'time_epoch': 1.66882, 'loss': 0.9066856, 'lr': 0, 'params': 741882, 'time_iter': 0.08783, 'accuracy': 0.92381, 'ap': 0.65438, 'auc': 0.87947}
> Epoch 169: took 11.2s (avg 11.2s) | Best so far: epoch 90	train_loss: 0.0490 train_ap: 0.9901	val_loss: 0.4047 val_ap: 0.6845	test_loss: 0.4102 test_ap: 0.6615
train: {'epoch': 170, 'time_epoch': 7.85523, 'eta': 226.73547, 'eta_hours': 0.06298, 'loss': 0.0334054, 'lr': 6.026e-05, 'params': 741882, 'time_iter': 0.09241, 'accuracy': 0.99787, 'ap': 0.99878, 'auc': 0.99994}
val: {'epoch': 170, 'time_epoch': 1.66389, 'loss': 0.47932538, 'lr': 0, 'params': 741882, 'time_iter': 0.08757, 'accuracy': 0.92771, 'ap': 0.66915, 'auc': 0.88778}
test: {'epoch': 170, 'time_epoch': 1.62787, 'loss': 1.02618583, 'lr': 0, 'params': 741882, 'time_iter': 0.08568, 'accuracy': 0.92338, 'ap': 0.65722, 'auc': 0.87933}
> Epoch 170: took 11.5s (avg 11.2s) | Best so far: epoch 90	train_loss: 0.0490 train_ap: 0.9901	val_loss: 0.4047 val_ap: 0.6845	test_loss: 0.4102 test_ap: 0.6615
train: {'epoch': 171, 'time_epoch': 7.74601, 'eta': 218.90521, 'eta_hours': 0.06081, 'loss': 0.03399558, 'lr': 5.639e-05, 'params': 741882, 'time_iter': 0.09113, 'accuracy': 0.99744, 'ap': 0.99862, 'auc': 0.99993}
val: {'epoch': 171, 'time_epoch': 1.66419, 'loss': 0.48129277, 'lr': 0, 'params': 741882, 'time_iter': 0.08759, 'accuracy': 0.9278, 'ap': 0.66769, 'auc': 0.88823}
test: {'epoch': 171, 'time_epoch': 1.66406, 'loss': 1.30683069, 'lr': 0, 'params': 741882, 'time_iter': 0.08758, 'accuracy': 0.92291, 'ap': 0.6566, 'auc': 0.8802}
> Epoch 171: took 11.2s (avg 11.2s) | Best so far: epoch 90	train_loss: 0.0490 train_ap: 0.9901	val_loss: 0.4047 val_ap: 0.6845	test_loss: 0.4102 test_ap: 0.6615
train: {'epoch': 172, 'time_epoch': 7.79156, 'eta': 211.08303, 'eta_hours': 0.05863, 'loss': 0.033364, 'lr': 5.264e-05, 'params': 741882, 'time_iter': 0.09167, 'accuracy': 0.99777, 'ap': 0.99878, 'auc': 0.99994}
val: {'epoch': 172, 'time_epoch': 1.65916, 'loss': 0.47951266, 'lr': 0, 'params': 741882, 'time_iter': 0.08732, 'accuracy': 0.92771, 'ap': 0.66714, 'auc': 0.88878}
test: {'epoch': 172, 'time_epoch': 1.64578, 'loss': 0.81027074, 'lr': 0, 'params': 741882, 'time_iter': 0.08662, 'accuracy': 0.92265, 'ap': 0.65397, 'auc': 0.88016}
> Epoch 172: took 11.2s (avg 11.2s) | Best so far: epoch 90	train_loss: 0.0490 train_ap: 0.9901	val_loss: 0.4047 val_ap: 0.6845	test_loss: 0.4102 test_ap: 0.6615
train: {'epoch': 173, 'time_epoch': 7.83618, 'eta': 203.26788, 'eta_hours': 0.05646, 'loss': 0.03345237, 'lr': 4.9e-05, 'params': 741882, 'time_iter': 0.09219, 'accuracy': 0.99771, 'ap': 0.99878, 'auc': 0.99994}
val: {'epoch': 173, 'time_epoch': 1.61271, 'loss': 0.47662606, 'lr': 0, 'params': 741882, 'time_iter': 0.08488, 'accuracy': 0.92831, 'ap': 0.67063, 'auc': 0.88937}
test: {'epoch': 173, 'time_epoch': 1.69679, 'loss': 0.62422638, 'lr': 0, 'params': 741882, 'time_iter': 0.0893, 'accuracy': 0.92342, 'ap': 0.65874, 'auc': 0.88112}
> Epoch 173: took 11.5s (avg 11.2s) | Best so far: epoch 90	train_loss: 0.0490 train_ap: 0.9901	val_loss: 0.4047 val_ap: 0.6845	test_loss: 0.4102 test_ap: 0.6615
train: {'epoch': 174, 'time_epoch': 7.85232, 'eta': 195.45478, 'eta_hours': 0.05429, 'loss': 0.03354521, 'lr': 4.55e-05, 'params': 741882, 'time_iter': 0.09238, 'accuracy': 0.99765, 'ap': 0.99864, 'auc': 0.99993}
val: {'epoch': 174, 'time_epoch': 1.66892, 'loss': 56.51804344, 'lr': 0, 'params': 741882, 'time_iter': 0.08784, 'accuracy': 0.92737, 'ap': 0.66204, 'auc': 0.88867}
test: {'epoch': 174, 'time_epoch': 1.65865, 'loss': 0.96566754, 'lr': 0, 'params': 741882, 'time_iter': 0.0873, 'accuracy': 0.92317, 'ap': 0.6564, 'auc': 0.8803}
> Epoch 174: took 11.3s (avg 11.2s) | Best so far: epoch 90	train_loss: 0.0490 train_ap: 0.9901	val_loss: 0.4047 val_ap: 0.6845	test_loss: 0.4102 test_ap: 0.6615
train: {'epoch': 175, 'time_epoch': 7.78385, 'eta': 187.63191, 'eta_hours': 0.05212, 'loss': 0.03333821, 'lr': 4.211e-05, 'params': 741882, 'time_iter': 0.09157, 'accuracy': 0.9978, 'ap': 0.99882, 'auc': 0.99994}
val: {'epoch': 175, 'time_epoch': 1.63747, 'loss': 46.86143266, 'lr': 0, 'params': 741882, 'time_iter': 0.08618, 'accuracy': 0.9284, 'ap': 0.66534, 'auc': 0.88949}
test: {'epoch': 175, 'time_epoch': 1.6718, 'loss': 0.68161863, 'lr': 0, 'params': 741882, 'time_iter': 0.08799, 'accuracy': 0.92334, 'ap': 0.65738, 'auc': 0.87964}
> Epoch 175: took 11.2s (avg 11.2s) | Best so far: epoch 90	train_loss: 0.0490 train_ap: 0.9901	val_loss: 0.4047 val_ap: 0.6845	test_loss: 0.4102 test_ap: 0.6615
train: {'epoch': 176, 'time_epoch': 8.02411, 'eta': 179.8407, 'eta_hours': 0.04996, 'loss': 0.03367443, 'lr': 3.886e-05, 'params': 741882, 'time_iter': 0.0944, 'accuracy': 0.99772, 'ap': 0.99873, 'auc': 0.99993}
val: {'epoch': 176, 'time_epoch': 1.63796, 'loss': 0.47948577, 'lr': 0, 'params': 741882, 'time_iter': 0.08621, 'accuracy': 0.92849, 'ap': 0.66816, 'auc': 0.88889}
test: {'epoch': 176, 'time_epoch': 1.53816, 'loss': 0.74888499, 'lr': 0, 'params': 741882, 'time_iter': 0.08096, 'accuracy': 0.92317, 'ap': 0.65626, 'auc': 0.87938}
> Epoch 176: took 11.5s (avg 11.2s) | Best so far: epoch 90	train_loss: 0.0490 train_ap: 0.9901	val_loss: 0.4047 val_ap: 0.6845	test_loss: 0.4102 test_ap: 0.6615
train: {'epoch': 177, 'time_epoch': 7.55618, 'eta': 171.98903, 'eta_hours': 0.04777, 'loss': 0.03328404, 'lr': 3.572e-05, 'params': 741882, 'time_iter': 0.0889, 'accuracy': 0.99778, 'ap': 0.99892, 'auc': 0.99994}
val: {'epoch': 177, 'time_epoch': 1.4284, 'loss': 0.48231277, 'lr': 0, 'params': 741882, 'time_iter': 0.07518, 'accuracy': 0.92814, 'ap': 0.66813, 'auc': 0.88843}
test: {'epoch': 177, 'time_epoch': 1.64357, 'loss': 0.84901851, 'lr': 0, 'params': 741882, 'time_iter': 0.0865, 'accuracy': 0.92347, 'ap': 0.65673, 'auc': 0.8797}
> Epoch 177: took 11.1s (avg 11.2s) | Best so far: epoch 90	train_loss: 0.0490 train_ap: 0.9901	val_loss: 0.4047 val_ap: 0.6845	test_loss: 0.4102 test_ap: 0.6615
train: {'epoch': 178, 'time_epoch': 7.7209, 'eta': 164.16, 'eta_hours': 0.0456, 'loss': 0.03327154, 'lr': 3.272e-05, 'params': 741882, 'time_iter': 0.09083, 'accuracy': 0.9976, 'ap': 0.99888, 'auc': 0.99994}
val: {'epoch': 178, 'time_epoch': 1.65545, 'loss': 0.48139907, 'lr': 0, 'params': 741882, 'time_iter': 0.08713, 'accuracy': 0.92913, 'ap': 0.66899, 'auc': 0.88796}
test: {'epoch': 178, 'time_epoch': 1.67002, 'loss': 1.04826507, 'lr': 0, 'params': 741882, 'time_iter': 0.0879, 'accuracy': 0.92329, 'ap': 0.65505, 'auc': 0.87948}
> Epoch 178: took 11.1s (avg 11.2s) | Best so far: epoch 90	train_loss: 0.0490 train_ap: 0.9901	val_loss: 0.4047 val_ap: 0.6845	test_loss: 0.4102 test_ap: 0.6615
train: {'epoch': 179, 'time_epoch': 7.71326, 'eta': 156.33131, 'eta_hours': 0.04343, 'loss': 0.0333407, 'lr': 2.984e-05, 'params': 741882, 'time_iter': 0.09074, 'accuracy': 0.99764, 'ap': 0.99861, 'auc': 0.99994}
val: {'epoch': 179, 'time_epoch': 1.64785, 'loss': 0.47913326, 'lr': 0, 'params': 741882, 'time_iter': 0.08673, 'accuracy': 0.92827, 'ap': 0.66883, 'auc': 0.88817}
test: {'epoch': 179, 'time_epoch': 1.63896, 'loss': 1.01262203, 'lr': 0, 'params': 741882, 'time_iter': 0.08626, 'accuracy': 0.92308, 'ap': 0.65633, 'auc': 0.88046}
> Epoch 179: took 11.1s (avg 11.2s) | Best so far: epoch 90	train_loss: 0.0490 train_ap: 0.9901	val_loss: 0.4047 val_ap: 0.6845	test_loss: 0.4102 test_ap: 0.6615
train: {'epoch': 180, 'time_epoch': 7.70983, 'eta': 148.50354, 'eta_hours': 0.04125, 'loss': 0.03347542, 'lr': 2.709e-05, 'params': 741882, 'time_iter': 0.0907, 'accuracy': 0.99779, 'ap': 0.99882, 'auc': 0.99994}
val: {'epoch': 180, 'time_epoch': 1.66098, 'loss': 0.48766067, 'lr': 0, 'params': 741882, 'time_iter': 0.08742, 'accuracy': 0.92763, 'ap': 0.66673, 'auc': 0.88861}
test: {'epoch': 180, 'time_epoch': 1.65628, 'loss': 1.1438297, 'lr': 0, 'params': 741882, 'time_iter': 0.08717, 'accuracy': 0.92321, 'ap': 0.65645, 'auc': 0.87945}
> Epoch 180: took 11.1s (avg 11.2s) | Best so far: epoch 90	train_loss: 0.0490 train_ap: 0.9901	val_loss: 0.4047 val_ap: 0.6845	test_loss: 0.4102 test_ap: 0.6615
train: {'epoch': 181, 'time_epoch': 7.71267, 'eta': 140.67735, 'eta_hours': 0.03908, 'loss': 0.03343756, 'lr': 2.447e-05, 'params': 741882, 'time_iter': 0.09074, 'accuracy': 0.99769, 'ap': 0.99864, 'auc': 0.99994}
val: {'epoch': 181, 'time_epoch': 1.65346, 'loss': 0.48060291, 'lr': 0, 'params': 741882, 'time_iter': 0.08702, 'accuracy': 0.92763, 'ap': 0.66976, 'auc': 0.88808}
test: {'epoch': 181, 'time_epoch': 1.6189, 'loss': 0.86391332, 'lr': 0, 'params': 741882, 'time_iter': 0.08521, 'accuracy': 0.92299, 'ap': 0.65647, 'auc': 0.87985}
> Epoch 181: took 11.1s (avg 11.2s) | Best so far: epoch 90	train_loss: 0.0490 train_ap: 0.9901	val_loss: 0.4047 val_ap: 0.6845	test_loss: 0.4102 test_ap: 0.6615
train: {'epoch': 182, 'time_epoch': 7.69158, 'eta': 132.85044, 'eta_hours': 0.0369, 'loss': 0.03315073, 'lr': 2.198e-05, 'params': 741882, 'time_iter': 0.09049, 'accuracy': 0.99777, 'ap': 0.99899, 'auc': 0.99995}
val: {'epoch': 182, 'time_epoch': 1.67252, 'loss': 0.48305653, 'lr': 0, 'params': 741882, 'time_iter': 0.08803, 'accuracy': 0.92814, 'ap': 0.66849, 'auc': 0.8887}
test: {'epoch': 182, 'time_epoch': 1.67284, 'loss': 0.86529729, 'lr': 0, 'params': 741882, 'time_iter': 0.08804, 'accuracy': 0.92265, 'ap': 0.65607, 'auc': 0.88063}
> Epoch 182: took 11.1s (avg 11.2s) | Best so far: epoch 90	train_loss: 0.0490 train_ap: 0.9901	val_loss: 0.4047 val_ap: 0.6845	test_loss: 0.4102 test_ap: 0.6615
train: {'epoch': 183, 'time_epoch': 7.74473, 'eta': 125.02962, 'eta_hours': 0.03473, 'loss': 0.03308206, 'lr': 1.962e-05, 'params': 741882, 'time_iter': 0.09111, 'accuracy': 0.99795, 'ap': 0.99884, 'auc': 0.99995}
val: {'epoch': 183, 'time_epoch': 1.64769, 'loss': 4.95765652, 'lr': 0, 'params': 741882, 'time_iter': 0.08672, 'accuracy': 0.92776, 'ap': 0.6667, 'auc': 0.88765}
test: {'epoch': 183, 'time_epoch': 1.66447, 'loss': 0.90379857, 'lr': 0, 'params': 741882, 'time_iter': 0.0876, 'accuracy': 0.92278, 'ap': 0.65356, 'auc': 0.87913}
> Epoch 183: took 11.1s (avg 11.2s) | Best so far: epoch 90	train_loss: 0.0490 train_ap: 0.9901	val_loss: 0.4047 val_ap: 0.6845	test_loss: 0.4102 test_ap: 0.6615
train: {'epoch': 184, 'time_epoch': 8.03487, 'eta': 117.23315, 'eta_hours': 0.03256, 'loss': 0.03294587, 'lr': 1.74e-05, 'params': 741882, 'time_iter': 0.09453, 'accuracy': 0.99794, 'ap': 0.99895, 'auc': 0.99995}
val: {'epoch': 184, 'time_epoch': 1.66814, 'loss': 0.48059071, 'lr': 0, 'params': 741882, 'time_iter': 0.0878, 'accuracy': 0.92853, 'ap': 0.66818, 'auc': 0.88823}
test: {'epoch': 184, 'time_epoch': 1.66649, 'loss': 0.78615871, 'lr': 0, 'params': 741882, 'time_iter': 0.08771, 'accuracy': 0.92287, 'ap': 0.65763, 'auc': 0.88004}
> Epoch 184: took 11.4s (avg 11.2s) | Best so far: epoch 90	train_loss: 0.0490 train_ap: 0.9901	val_loss: 0.4047 val_ap: 0.6845	test_loss: 0.4102 test_ap: 0.6615
train: {'epoch': 185, 'time_epoch': 7.74283, 'eta': 109.41213, 'eta_hours': 0.03039, 'loss': 0.03317968, 'lr': 1.53e-05, 'params': 741882, 'time_iter': 0.09109, 'accuracy': 0.99778, 'ap': 0.99897, 'auc': 0.99994}
val: {'epoch': 185, 'time_epoch': 1.67415, 'loss': 0.48810551, 'lr': 0, 'params': 741882, 'time_iter': 0.08811, 'accuracy': 0.9278, 'ap': 0.66766, 'auc': 0.88742}
test: {'epoch': 185, 'time_epoch': 1.66422, 'loss': 1.00401739, 'lr': 0, 'params': 741882, 'time_iter': 0.08759, 'accuracy': 0.92355, 'ap': 0.65481, 'auc': 0.87904}
> Epoch 185: took 11.2s (avg 11.2s) | Best so far: epoch 90	train_loss: 0.0490 train_ap: 0.9901	val_loss: 0.4047 val_ap: 0.6845	test_loss: 0.4102 test_ap: 0.6615
train: {'epoch': 186, 'time_epoch': 7.77422, 'eta': 101.59413, 'eta_hours': 0.02822, 'loss': 0.03352296, 'lr': 1.334e-05, 'params': 741882, 'time_iter': 0.09146, 'accuracy': 0.99756, 'ap': 0.9986, 'auc': 0.99993}
val: {'epoch': 186, 'time_epoch': 1.63707, 'loss': 0.48328312, 'lr': 0, 'params': 741882, 'time_iter': 0.08616, 'accuracy': 0.92763, 'ap': 0.66879, 'auc': 0.88802}
test: {'epoch': 186, 'time_epoch': 1.64092, 'loss': 1.15774888, 'lr': 0, 'params': 741882, 'time_iter': 0.08636, 'accuracy': 0.92334, 'ap': 0.6571, 'auc': 0.87959}
> Epoch 186: took 11.1s (avg 11.2s) | Best so far: epoch 90	train_loss: 0.0490 train_ap: 0.9901	val_loss: 0.4047 val_ap: 0.6845	test_loss: 0.4102 test_ap: 0.6615
train: {'epoch': 187, 'time_epoch': 7.70807, 'eta': 93.77238, 'eta_hours': 0.02605, 'loss': 0.03292533, 'lr': 1.151e-05, 'params': 741882, 'time_iter': 0.09068, 'accuracy': 0.99797, 'ap': 0.99871, 'auc': 0.99994}
val: {'epoch': 187, 'time_epoch': 1.67911, 'loss': 0.51835868, 'lr': 0, 'params': 741882, 'time_iter': 0.08837, 'accuracy': 0.9284, 'ap': 0.66927, 'auc': 0.88753}
test: {'epoch': 187, 'time_epoch': 1.59137, 'loss': 1.02296446, 'lr': 0, 'params': 741882, 'time_iter': 0.08376, 'accuracy': 0.9236, 'ap': 0.65655, 'auc': 0.87891}
> Epoch 187: took 11.2s (avg 11.2s) | Best so far: epoch 90	train_loss: 0.0490 train_ap: 0.9901	val_loss: 0.4047 val_ap: 0.6845	test_loss: 0.4102 test_ap: 0.6615
train: {'epoch': 188, 'time_epoch': 7.7104, 'eta': 85.95196, 'eta_hours': 0.02388, 'loss': 0.03285026, 'lr': 9.81e-06, 'params': 741882, 'time_iter': 0.09071, 'accuracy': 0.99803, 'ap': 0.99886, 'auc': 0.99995}
val: {'epoch': 188, 'time_epoch': 1.64444, 'loss': 0.48422156, 'lr': 0, 'params': 741882, 'time_iter': 0.08655, 'accuracy': 0.9284, 'ap': 0.66656, 'auc': 0.88727}
test: {'epoch': 188, 'time_epoch': 1.64428, 'loss': 0.97232541, 'lr': 0, 'params': 741882, 'time_iter': 0.08654, 'accuracy': 0.92364, 'ap': 0.65426, 'auc': 0.8789}
> Epoch 188: took 11.1s (avg 11.2s) | Best so far: epoch 90	train_loss: 0.0490 train_ap: 0.9901	val_loss: 0.4047 val_ap: 0.6845	test_loss: 0.4102 test_ap: 0.6615
train: {'epoch': 189, 'time_epoch': 7.56865, 'eta': 78.12524, 'eta_hours': 0.0217, 'loss': 0.03289664, 'lr': 8.25e-06, 'params': 741882, 'time_iter': 0.08904, 'accuracy': 0.99802, 'ap': 0.99898, 'auc': 0.99995}
val: {'epoch': 189, 'time_epoch': 1.61415, 'loss': 0.47927044, 'lr': 0, 'params': 741882, 'time_iter': 0.08496, 'accuracy': 0.92879, 'ap': 0.66996, 'auc': 0.88757}
test: {'epoch': 189, 'time_epoch': 1.55672, 'loss': 1.01964085, 'lr': 0, 'params': 741882, 'time_iter': 0.08193, 'accuracy': 0.92334, 'ap': 0.6572, 'auc': 0.88044}
> Epoch 189: took 10.9s (avg 11.2s) | Best so far: epoch 90	train_loss: 0.0490 train_ap: 0.9901	val_loss: 0.4047 val_ap: 0.6845	test_loss: 0.4102 test_ap: 0.6615
train: {'epoch': 190, 'time_epoch': 8.06032, 'eta': 70.3244, 'eta_hours': 0.01953, 'loss': 0.03300948, 'lr': 6.82e-06, 'params': 741882, 'time_iter': 0.09483, 'accuracy': 0.99811, 'ap': 0.99912, 'auc': 0.99995}
val: {'epoch': 190, 'time_epoch': 1.65651, 'loss': 0.48095502, 'lr': 0, 'params': 741882, 'time_iter': 0.08718, 'accuracy': 0.92857, 'ap': 0.67037, 'auc': 0.88822}
test: {'epoch': 190, 'time_epoch': 1.66572, 'loss': 0.88337092, 'lr': 0, 'params': 741882, 'time_iter': 0.08767, 'accuracy': 0.92355, 'ap': 0.65678, 'auc': 0.87963}
> Epoch 190: took 11.5s (avg 11.2s) | Best so far: epoch 90	train_loss: 0.0490 train_ap: 0.9901	val_loss: 0.4047 val_ap: 0.6845	test_loss: 0.4102 test_ap: 0.6615
train: {'epoch': 191, 'time_epoch': 7.77602, 'eta': 62.509, 'eta_hours': 0.01736, 'loss': 0.03266516, 'lr': 5.53e-06, 'params': 741882, 'time_iter': 0.09148, 'accuracy': 0.99812, 'ap': 0.99903, 'auc': 0.99995}
val: {'epoch': 191, 'time_epoch': 1.67387, 'loss': 0.48209577, 'lr': 0, 'params': 741882, 'time_iter': 0.0881, 'accuracy': 0.92819, 'ap': 0.67018, 'auc': 0.88829}
test: {'epoch': 191, 'time_epoch': 1.69404, 'loss': 0.93445704, 'lr': 0, 'params': 741882, 'time_iter': 0.08916, 'accuracy': 0.92312, 'ap': 0.65673, 'auc': 0.87982}
> Epoch 191: took 11.2s (avg 11.2s) | Best so far: epoch 90	train_loss: 0.0490 train_ap: 0.9901	val_loss: 0.4047 val_ap: 0.6845	test_loss: 0.4102 test_ap: 0.6615
train: {'epoch': 192, 'time_epoch': 7.93707, 'eta': 54.69985, 'eta_hours': 0.01519, 'loss': 0.03278928, 'lr': 4.37e-06, 'params': 741882, 'time_iter': 0.09338, 'accuracy': 0.99816, 'ap': 0.99891, 'auc': 0.99995}
val: {'epoch': 192, 'time_epoch': 1.56529, 'loss': 0.48672856, 'lr': 0, 'params': 741882, 'time_iter': 0.08238, 'accuracy': 0.92836, 'ap': 0.66971, 'auc': 0.88754}
test: {'epoch': 192, 'time_epoch': 1.68218, 'loss': 0.796048, 'lr': 0, 'params': 741882, 'time_iter': 0.08854, 'accuracy': 0.92355, 'ap': 0.65479, 'auc': 0.87875}
> Epoch 192: took 11.3s (avg 11.2s) | Best so far: epoch 90	train_loss: 0.0490 train_ap: 0.9901	val_loss: 0.4047 val_ap: 0.6845	test_loss: 0.4102 test_ap: 0.6615
train: {'epoch': 193, 'time_epoch': 7.86035, 'eta': 46.88701, 'eta_hours': 0.01302, 'loss': 0.03307622, 'lr': 3.35e-06, 'params': 741882, 'time_iter': 0.09247, 'accuracy': 0.99788, 'ap': 0.99885, 'auc': 0.99995}
val: {'epoch': 193, 'time_epoch': 1.84619, 'loss': 0.4857527, 'lr': 0, 'params': 741882, 'time_iter': 0.09717, 'accuracy': 0.92857, 'ap': 0.66806, 'auc': 0.88787}
test: {'epoch': 193, 'time_epoch': 1.67108, 'loss': 0.92890056, 'lr': 0, 'params': 741882, 'time_iter': 0.08795, 'accuracy': 0.92291, 'ap': 0.65733, 'auc': 0.87922}
> Epoch 193: took 11.5s (avg 11.2s) | Best so far: epoch 90	train_loss: 0.0490 train_ap: 0.9901	val_loss: 0.4047 val_ap: 0.6845	test_loss: 0.4102 test_ap: 0.6615
train: {'epoch': 194, 'time_epoch': 7.81372, 'eta': 39.07249, 'eta_hours': 0.01085, 'loss': 0.03285617, 'lr': 2.46e-06, 'params': 741882, 'time_iter': 0.09193, 'accuracy': 0.998, 'ap': 0.99908, 'auc': 0.99995}
val: {'epoch': 194, 'time_epoch': 1.67065, 'loss': 0.48353041, 'lr': 0, 'params': 741882, 'time_iter': 0.08793, 'accuracy': 0.92806, 'ap': 0.66748, 'auc': 0.88826}
test: {'epoch': 194, 'time_epoch': 1.65527, 'loss': 0.76219444, 'lr': 0, 'params': 741882, 'time_iter': 0.08712, 'accuracy': 0.92278, 'ap': 0.65783, 'auc': 0.87961}
> Epoch 194: took 11.2s (avg 11.2s) | Best so far: epoch 90	train_loss: 0.0490 train_ap: 0.9901	val_loss: 0.4047 val_ap: 0.6845	test_loss: 0.4102 test_ap: 0.6615
train: {'epoch': 195, 'time_epoch': 7.71659, 'eta': 31.25599, 'eta_hours': 0.00868, 'loss': 0.03280726, 'lr': 1.71e-06, 'params': 741882, 'time_iter': 0.09078, 'accuracy': 0.99804, 'ap': 0.999, 'auc': 0.99995}
val: {'epoch': 195, 'time_epoch': 1.65111, 'loss': 0.4907221, 'lr': 0, 'params': 741882, 'time_iter': 0.0869, 'accuracy': 0.9281, 'ap': 0.66917, 'auc': 0.88728}
test: {'epoch': 195, 'time_epoch': 1.68314, 'loss': 0.98841253, 'lr': 0, 'params': 741882, 'time_iter': 0.08859, 'accuracy': 0.92291, 'ap': 0.65577, 'auc': 0.87918}
> Epoch 195: took 11.1s (avg 11.2s) | Best so far: epoch 90	train_loss: 0.0490 train_ap: 0.9901	val_loss: 0.4047 val_ap: 0.6845	test_loss: 0.4102 test_ap: 0.6615
train: {'epoch': 196, 'time_epoch': 7.78312, 'eta': 23.44153, 'eta_hours': 0.00651, 'loss': 0.03274277, 'lr': 1.09e-06, 'params': 741882, 'time_iter': 0.09157, 'accuracy': 0.99811, 'ap': 0.99892, 'auc': 0.99995}
val: {'epoch': 196, 'time_epoch': 1.82975, 'loss': 0.48525341, 'lr': 0, 'params': 741882, 'time_iter': 0.0963, 'accuracy': 0.92827, 'ap': 0.66632, 'auc': 0.88762}
test: {'epoch': 196, 'time_epoch': 1.67804, 'loss': 1.09272123, 'lr': 0, 'params': 741882, 'time_iter': 0.08832, 'accuracy': 0.92355, 'ap': 0.65515, 'auc': 0.87934}
> Epoch 196: took 11.5s (avg 11.2s) | Best so far: epoch 90	train_loss: 0.0490 train_ap: 0.9901	val_loss: 0.4047 val_ap: 0.6845	test_loss: 0.4102 test_ap: 0.6615
train: {'epoch': 197, 'time_epoch': 7.79549, 'eta': 15.6275, 'eta_hours': 0.00434, 'loss': 0.03246959, 'lr': 6.2e-07, 'params': 741882, 'time_iter': 0.09171, 'accuracy': 0.99826, 'ap': 0.99925, 'auc': 0.99996}
val: {'epoch': 197, 'time_epoch': 1.65288, 'loss': 0.49050797, 'lr': 0, 'params': 741882, 'time_iter': 0.08699, 'accuracy': 0.92797, 'ap': 0.66848, 'auc': 0.88793}
test: {'epoch': 197, 'time_epoch': 1.66441, 'loss': 0.9955846, 'lr': 0, 'params': 741882, 'time_iter': 0.0876, 'accuracy': 0.92325, 'ap': 0.65405, 'auc': 0.87914}
> Epoch 197: took 11.2s (avg 11.2s) | Best so far: epoch 90	train_loss: 0.0490 train_ap: 0.9901	val_loss: 0.4047 val_ap: 0.6845	test_loss: 0.4102 test_ap: 0.6615
train: {'epoch': 198, 'time_epoch': 7.73843, 'eta': 7.81337, 'eta_hours': 0.00217, 'loss': 0.03293666, 'lr': 2.7e-07, 'params': 741882, 'time_iter': 0.09104, 'accuracy': 0.99789, 'ap': 0.99888, 'auc': 0.99995}
val: {'epoch': 198, 'time_epoch': 1.65338, 'loss': 0.48516648, 'lr': 0, 'params': 741882, 'time_iter': 0.08702, 'accuracy': 0.92831, 'ap': 0.66985, 'auc': 0.88803}
test: {'epoch': 198, 'time_epoch': 1.67538, 'loss': 1.0331147, 'lr': 0, 'params': 741882, 'time_iter': 0.08818, 'accuracy': 0.92325, 'ap': 0.65816, 'auc': 0.87949}
> Epoch 198: took 11.1s (avg 11.2s) | Best so far: epoch 90	train_loss: 0.0490 train_ap: 0.9901	val_loss: 0.4047 val_ap: 0.6845	test_loss: 0.4102 test_ap: 0.6615
train: {'epoch': 199, 'time_epoch': 7.74859, 'eta': 0.0, 'eta_hours': 0.0, 'loss': 0.03276376, 'lr': 7e-08, 'params': 741882, 'time_iter': 0.09116, 'accuracy': 0.99806, 'ap': 0.99906, 'auc': 0.99995}
val: {'epoch': 199, 'time_epoch': 1.67831, 'loss': 0.48257654, 'lr': 0, 'params': 741882, 'time_iter': 0.08833, 'accuracy': 0.92797, 'ap': 0.66913, 'auc': 0.88845}
test: {'epoch': 199, 'time_epoch': 1.66752, 'loss': 0.85603985, 'lr': 0, 'params': 741882, 'time_iter': 0.08776, 'accuracy': 0.92355, 'ap': 0.65568, 'auc': 0.87858}
> Epoch 199: took 11.2s (avg 11.2s) | Best so far: epoch 90	train_loss: 0.0490 train_ap: 0.9901	val_loss: 0.4047 val_ap: 0.6845	test_loss: 0.4102 test_ap: 0.6615
Avg time per epoch: 11.23s
Total train loop time: 0.62h
Task done, results saved in results/peptides-func-Hierarchical/0
Results aggregated across runs saved in results/peptides-func-Hierarchical/agg
[*] All done: 2026-04-01 14:19:32.651119
